Name,AvgCountLine,AvgCountLineBlank,AvgCountLineCode,AvgCountLineComment,AvgCyclomatic,AvgCyclomaticModified,AvgCyclomaticStrict,CountClassBase,CountClassCoupled,CountClassCoupledModified,CountClassDerived,CountDeclClass,CountDeclClassMethod,CountDeclClassVariable,CountDeclExecutableUnit,CountDeclFunction,CountDeclInstanceMethod,CountDeclInstanceVariable,CountDeclMethod,CountDeclMethodAll,CountDeclMethodDefault,CountDeclMethodPrivate,CountDeclMethodProtected,CountDeclMethodPublic,CountInput,CountLine,CountLineBlank,CountLineCode,CountLineCodeDecl,CountLineCodeExe,CountLineComment,CountOutput,CountPath,CountSemicolon,CountStmt,CountStmtDecl,CountStmtExe,Cyclomatic,MaxCyclomatic,MaxCyclomaticModified,MaxCyclomaticStrict,MaxInheritanceTree,MaxNesting,PercentLackOfCohesion,PercentLackOfCohesionModified,RatioCommentToCode,SumCyclomatic,SumCyclomaticModified,SumCyclomaticStrict,Bugs
AlterTableDesc.java,6.0,0.0,4.0,3.0,1.0,1.0,1.0,2.0,18.0,18.0,0.0,3.0,1.0,2.0,85.0,81.0,84.0,61.0,85.0,79.0,0.0,1.0,0.0,84.0,140.0,738.0,90.0,384.0,165.0,144.0,264.0,75.0,68.0,186.0,269.0,134.0,136.0,1.0,2.0,2.0,2.0,2.0,1.0,95.0,95.0,0.69,82.0,82.0,82.0,0.0
AppConfig.java,5.0,0.0,5.0,1.0,2.0,2.0,2.0,2.0,28.0,28.0,0.0,3.0,4.0,52.0,44.0,42.0,40.0,2.0,44.0,42.0,0.0,7.0,0.0,37.0,115.0,413.0,36.0,290.0,149.0,186.0,88.0,144.0,88.0,175.0,249.0,144.0,122.0,1.0,8.0,8.0,8.0,2.0,4.0,0.0,0.0,0.3,66.0,66.0,66.0,1.0
AvgPartitionSizeBasedBigTableSelectorForAutoSMJ.java,63.0,8.0,52.0,5.0,11.0,11.0,11.0,2.0,17.0,17.0,0.0,1.0,0.0,1.0,1.0,1.0,1.0,0.0,1.0,5.0,0.0,0.0,0.0,1.0,4.0,112.0,14.0,74.0,35.0,40.0,26.0,13.0,27.0,44.0,57.0,32.0,30.0,11.0,11.0,11.0,11.0,2.0,4.0,0.0,0.0,0.35,11.0,11.0,11.0,0.0
BaseSemanticAnalyzer.java,13.0,0.0,11.0,2.0,3.0,2.0,3.0,4.0,105.0,105.0,9.0,5.0,27.0,4.0,96.0,95.0,70.0,38.0,97.0,95.0,2.0,8.0,26.0,61.0,769.0,1473.0,145.0,1118.0,338.0,674.0,223.0,350.0,1053.0,577.0,812.0,331.0,566.0,1.0,21.0,21.0,31.0,1.0,5.0,67.5,59.0,0.2,252.0,226.0,283.0,1.0
BeeLine.java,13.0,1.0,10.0,2.0,3.0,3.0,3.0,10.0,187.0,187.0,1.0,3.0,9.0,16.0,122.0,122.0,113.0,23.0,122.0,260.0,81.0,9.0,3.0,29.0,1112.0,2181.0,318.0,1565.0,355.0,1035.0,326.0,1035.0,1065.0,651.0,966.0,365.0,713.0,1.0,12.0,12.0,14.0,2.0,8.0,0.0,0.0,0.21,324.0,324.0,359.0,0.0
BeeLineOpts.java,4.0,0.0,4.0,0.0,1.0,1.0,1.0,2.0,27.0,27.0,0.0,1.0,0.0,8.0,87.0,87.0,87.0,38.0,87.0,87.0,1.0,0.0,0.0,86.0,204.0,571.0,107.0,426.0,176.0,198.0,38.0,142.0,105.0,196.0,306.0,172.0,152.0,1.0,4.0,4.0,5.0,1.0,2.0,97.0,97.0,0.09,109.0,109.0,113.0,1.0
BinarySortableSerDe.java,31.0,2.0,26.0,3.0,6.0,4.0,6.0,3.0,107.0,107.0,1.0,1.0,19.0,2.0,26.0,26.0,7.0,9.0,26.0,77.0,3.0,2.0,0.0,21.0,268.0,984.0,90.0,771.0,273.0,512.0,123.0,230.0,225.0,486.0,570.0,259.0,405.0,2.0,71.0,51.0,74.0,3.0,5.0,0.0,0.0,0.16,149.0,109.0,155.0,1.0
BitmapIndexHandler.java,33.0,3.0,25.0,5.0,4.0,4.0,4.0,1.0,42.0,42.0,0.0,1.0,0.0,1.0,7.0,7.0,7.0,1.0,7.0,17.0,0.0,2.0,1.0,4.0,31.0,308.0,37.0,220.0,93.0,133.0,54.0,73.0,94.0,147.0,183.0,89.0,126.0,4.0,9.0,9.0,10.0,3.0,3.0,100.0,100.0,0.25,28.0,28.0,30.0,0.0
BucketingSortingReduceSinkOptimizer.java,32.0,3.0,24.0,5.0,5.0,5.0,6.0,5.0,67.0,67.0,0.0,3.0,0.0,0.0,16.0,16.0,16.0,2.0,16.0,20.0,0.0,11.0,0.0,5.0,52.0,633.0,63.0,431.0,162.0,259.0,139.0,130.0,498.0,222.0,320.0,153.0,224.0,2.0,41.0,41.0,48.0,2.0,6.0,0.0,0.0,0.32,80.0,80.0,91.0,1.0
CalcitePlanner.java,40.0,4.0,30.0,7.0,5.0,5.0,6.0,10.0,283.0,283.0,0.0,11.0,5.0,3.0,72.0,68.0,67.0,23.0,72.0,401.0,14.0,45.0,0.0,13.0,537.0,3238.0,357.0,2348.0,877.0,1719.0,537.0,991.0,18218.0,1345.0,1694.0,788.0,1287.0,3.0,23.0,23.0,34.0,3.0,6.0,0.0,0.0,0.23,363.0,352.0,437.0,1.0
Cleaner.java,32.0,2.0,26.0,5.0,6.0,6.0,7.0,12.0,134.0,134.0,1.0,2.0,0.0,2.0,6.0,6.0,6.0,3.0,6.0,121.0,0.0,4.0,0.0,2.0,186.0,257.0,20.0,189.0,63.0,117.0,48.0,468.0,1235.0,97.0,142.0,71.0,94.0,2.0,17.0,17.0,19.0,3.0,7.0,0.0,0.0,0.25,35.0,35.0,43.0,1.0
CliDriver.java,27.0,2.0,22.0,3.0,4.0,4.0,4.0,19.0,144.0,144.0,1.0,11.0,4.0,5.0,32.0,32.0,28.0,5.0,32.0,76.0,2.0,7.0,1.0,22.0,234.0,876.0,96.0,664.0,193.0,441.0,119.0,432.0,502.0,350.0,488.0,205.0,344.0,2.0,19.0,19.0,19.0,2.0,7.0,0.0,0.0,0.18,129.0,129.0,142.0,1.0
Cmp.java,27.0,0.0,24.0,2.0,4.0,4.0,5.0,2.0,20.0,20.0,0.0,1.0,0.0,0.0,10.0,10.0,10.0,11.0,10.0,10.0,7.0,0.0,0.0,3.0,60.0,320.0,17.0,265.0,65.0,186.0,38.0,77.0,139.0,157.0,201.0,67.0,164.0,2.0,16.0,16.0,21.0,1.0,8.0,69.0,67.0,0.14,43.0,43.0,52.0,0.0
ColAndCol.java,26.0,0.0,24.0,2.0,6.0,6.0,12.0,3.0,17.0,17.0,0.0,1.0,0.0,1.0,11.0,11.0,11.0,3.0,11.0,48.0,0.0,0.0,0.0,11.0,25.0,329.0,19.0,278.0,46.0,200.0,37.0,31.0,116.0,162.0,227.0,66.0,161.0,1.0,54.0,54.0,118.0,2.0,4.0,0.0,0.0,0.13,64.0,64.0,128.0,0.0
ColOrCol.java,26.0,0.0,24.0,2.0,6.0,6.0,12.0,3.0,17.0,17.0,0.0,1.0,0.0,1.0,11.0,11.0,11.0,3.0,11.0,48.0,0.0,0.0,0.0,11.0,25.0,332.0,20.0,278.0,46.0,200.0,39.0,31.0,116.0,162.0,227.0,66.0,161.0,1.0,54.0,54.0,118.0,2.0,4.0,0.0,0.0,0.14,64.0,64.0,128.0,0.0
Column.java,9.0,0.0,6.0,3.0,1.0,1.0,1.0,639.0,4217.0,4217.0,68.0,1.0,0.0,0.0,6.0,6.0,6.0,5.0,6.0,5608.0,6.0,0.0,0.0,0.0,17015.0,92.0,13.0,44.0,16.0,20.0,35.0,16006.0,2683664.0,22.0,31.0,16.0,18.0,1.0,3.0,3.0,3.0,4.0,2.0,0.0,0.0,0.8,8.0,8.0,8.0,1.0
Column.java,19.0,0.0,19.0,0.0,5.0,4.0,5.0,639.0,4217.0,4217.0,68.0,1.0,2.0,4.0,18.0,18.0,16.0,11.0,18.0,5608.0,0.0,8.0,0.0,10.0,17015.0,433.0,29.0,384.0,81.0,285.0,20.0,16006.0,2683664.0,248.0,305.0,80.0,240.0,1.0,18.0,11.0,18.0,4.0,1.0,0.0,0.0,0.05,94.0,66.0,95.0,1.0
ColumnPrunerProcFactory.java,24.0,2.0,19.0,3.0,4.0,4.0,4.0,26.0,269.0,269.0,3.0,15.0,20.0,1.0,41.0,41.0,21.0,0.0,41.0,44.0,0.0,12.0,0.0,29.0,109.0,1182.0,124.0,870.0,375.0,548.0,189.0,370.0,3252.0,481.0,675.0,353.0,490.0,2.5,18.0,18.0,18.0,2.0,4.0,0.0,0.0,0.22,150.0,150.0,158.0,1.0
ColumnStatisticsImpl.java,8.0,0.0,8.0,0.0,2.0,2.0,2.0,18.0,102.0,102.0,8.0,9.0,2.0,0.0,106.0,106.0,104.0,25.0,106.0,314.0,18.0,0.0,0.0,88.0,299.0,1097.0,123.0,954.0,288.0,528.0,20.0,280.0,229.0,393.0,630.0,201.0,463.0,1.0,15.0,9.0,15.0,2.0,3.0,32.0,30.0,0.02,245.0,232.0,258.0,1.0
ColumnStatsUpdateTask.java,29.0,1.0,27.0,1.0,6.0,6.0,6.0,1.0,39.0,39.0,0.0,1.0,0.0,2.0,9.0,9.0,9.0,0.0,9.0,81.0,0.0,5.0,0.0,4.0,29.0,344.0,23.0,287.0,105.0,203.0,34.0,123.0,53.0,179.0,240.0,101.0,186.0,1.0,41.0,41.0,41.0,2.0,3.0,0.0,0.0,0.12,53.0,53.0,53.0,1.0
Commands.java,20.0,1.0,17.0,1.0,4.0,4.0,4.0,16.0,230.0,230.0,0.0,4.0,0.0,2.0,79.0,79.0,79.0,1.0,79.0,141.0,3.0,17.0,0.0,59.0,731.0,1730.0,228.0,1392.0,257.0,992.0,115.0,1519.0,1670.0,600.0,878.0,269.0,706.0,2.0,21.0,21.0,22.0,2.0,6.0,0.0,0.0,0.08,292.0,288.0,318.0,1.0
CommonJoinOperator.java,16.0,1.0,13.0,1.0,3.0,3.0,4.0,2.0,28.0,28.0,2.0,1.0,1.0,3.0,36.0,36.0,35.0,36.0,36.0,146.0,0.0,15.0,10.0,11.0,217.0,829.0,112.0,548.0,172.0,344.0,185.0,181.0,497.0,327.0,438.0,172.0,295.0,1.0,20.0,20.0,30.0,2.0,7.0,92.0,88.0,0.34,106.0,106.0,138.0,1.0
CompactorTest.java,7.0,0.0,7.0,0.0,2.0,2.0,2.0,9.0,100.0,100.0,3.0,6.0,0.0,2.0,53.0,52.0,54.0,16.0,54.0,52.0,5.0,5.0,22.0,22.0,431.0,532.0,71.0,419.0,192.0,195.0,45.0,158.0,159.0,226.0,312.0,150.0,195.0,1.0,12.0,9.0,13.0,1.0,3.0,0.0,0.0,0.11,87.0,82.0,91.0,1.0
Complex.java,15.0,1.0,14.0,0.0,4.0,3.0,4.0,32.0,156.0,156.0,0.0,6.0,3.0,15.0,96.0,94.0,93.0,23.0,96.0,138.0,1.0,2.0,0.0,93.0,580.0,1706.0,169.0,1502.0,280.0,944.0,65.0,869.0,13560147.0,723.0,1059.0,281.0,852.0,1.0,32.0,32.0,70.0,2.0,6.0,0.0,0.0,0.04,364.0,319.0,411.0,0.0
ConstantPropagateProcCtx.java,14.0,1.0,12.0,2.0,3.0,3.0,3.0,2.0,16.0,16.0,0.0,2.0,0.0,1.0,11.0,9.0,11.0,5.0,11.0,9.0,0.0,1.0,0.0,10.0,36.0,226.0,24.0,155.0,55.0,88.0,49.0,47.0,60.0,74.0,113.0,55.0,74.0,1.0,21.0,21.0,23.0,1.0,7.0,67.0,56.0,0.32,32.0,32.0,36.0,1.0
ConstantPropagateProcFactory.java,35.0,1.0,28.0,6.0,7.0,7.0,9.0,19.0,213.0,213.0,0.0,10.0,23.0,3.0,35.0,35.0,12.0,0.0,35.0,35.0,0.0,15.0,0.0,20.0,144.0,1444.0,90.0,1111.0,360.0,716.0,243.0,356.0,20578.0,549.0,807.0,337.0,603.0,3.0,71.0,71.0,88.0,1.0,5.0,0.0,0.0,0.22,253.0,251.0,299.0,1.0
CorrelationUtilities.java,15.0,1.0,12.0,2.0,3.0,3.0,4.0,1.0,40.0,40.0,0.0,1.0,26.0,0.0,26.0,26.0,0.0,0.0,26.0,26.0,0.0,1.0,22.0,3.0,114.0,480.0,49.0,358.0,120.0,197.0,75.0,151.0,89.0,174.0,257.0,111.0,176.0,2.5,8.0,7.0,12.0,1.0,3.0,0.0,0.0,0.21,80.0,78.0,99.0,0.0
CreateTableHook.java,78.0,9.0,62.0,8.0,14.0,12.0,16.0,2.0,42.0,42.0,0.0,1.0,0.0,0.0,2.0,2.0,2.0,1.0,2.0,17.0,0.0,0.0,0.0,2.0,22.0,208.0,24.0,152.0,49.0,92.0,34.0,63.0,293.0,68.0,96.0,45.0,61.0,8.0,15.0,13.0,18.0,3.0,4.0,0.0,0.0,0.22,28.0,24.0,31.0,0.0
DDLSemanticAnalyzer.java,29.0,2.0,23.0,4.0,5.0,4.0,5.0,2.0,183.0,183.0,0.0,2.0,9.0,3.0,106.0,106.0,97.0,2.0,106.0,186.0,1.0,95.0,0.0,10.0,877.0,3417.0,342.0,2635.0,828.0,1911.0,449.0,1475.0,169953.0,1461.0,1902.0,737.0,1493.0,3.0,82.0,35.0,83.0,2.0,8.0,97.0,95.5,0.17,508.0,425.0,539.0,1.0
DDLTask.java,40.0,3.0,30.0,7.0,6.0,6.0,7.0,4.0,236.0,236.0,0.0,4.0,8.0,9.0,103.0,101.0,95.0,5.0,103.0,172.0,7.0,85.0,0.0,11.0,669.0,4469.0,424.0,3340.0,887.0,2401.0,707.0,1592.0,1001104672.0,1790.0,2420.0,859.0,1976.0,3.0,70.0,70.0,93.0,2.0,6.0,0.0,0.0,0.21,631.0,623.0,689.0,1.0
DDLWork.java,6.0,0.0,4.0,2.0,1.0,1.0,1.0,2.0,49.0,49.0,1.0,1.0,0.0,1.0,149.0,149.0,149.0,50.0,149.0,149.0,0.0,0.0,0.0,149.0,258.0,1158.0,178.0,623.0,278.0,197.0,357.0,153.0,18919.0,253.0,403.0,208.0,195.0,1.0,1.0,1.0,1.0,1.0,0.0,98.0,97.0,0.57,149.0,149.0,149.0,0.0
DataType.java,44.0,4.0,37.0,3.0,13.0,9.0,13.0,1.0,20.0,20.0,0.0,1.0,4.0,19.0,4.0,4.0,0.0,0.0,4.0,4.0,0.0,1.0,0.0,3.0,105.0,242.0,26.0,181.0,51.0,143.0,36.0,136.0,87.0,101.0,138.0,53.0,97.0,2.0,28.0,18.0,28.0,1.0,6.0,0.0,0.0,0.2,53.0,37.0,53.0,0.0
Database.java,13.0,1.0,12.0,1.0,3.0,3.0,4.0,68.0,337.0,337.0,2.0,6.0,3.0,12.0,70.0,68.0,67.0,16.0,70.0,847.0,1.0,2.0,0.0,67.0,2377.0,1095.0,119.0,933.0,183.0,589.0,64.0,2465.0,44733.0,427.0,649.0,165.0,524.0,1.0,23.0,23.0,51.0,3.0,4.0,40.0,33.0,0.07,244.0,214.0,279.0,0.0
Decimal128.java,21.0,1.0,9.0,11.0,2.0,2.0,2.0,4.0,29.0,29.0,0.0,1.0,7.0,6.0,83.0,83.0,76.0,4.0,83.0,123.0,0.0,1.0,0.0,82.0,432.0,1988.0,184.0,808.0,180.0,530.0,1001.0,487.0,1242.0,414.0,593.0,165.0,457.0,1.0,22.0,22.0,26.0,2.0,4.0,54.0,34.0,1.24,185.0,185.0,198.0,0.0
DirWatcher.java,12.0,0.0,11.0,1.0,2.0,2.0,3.0,8.0,53.0,53.0,0.0,6.0,0.0,2.0,24.0,22.0,24.0,26.0,24.0,22.0,9.0,5.0,0.0,10.0,91.0,414.0,48.0,325.0,112.0,179.0,44.0,79.0,230.0,171.0,239.0,106.0,154.0,1.5,17.0,15.0,17.0,1.0,7.0,0.0,0.0,0.14,58.0,56.0,60.0,0.0
Driver.java,29.0,2.0,22.0,4.0,5.0,5.0,6.0,76.0,903.0,903.0,3.0,4.0,6.0,5.0,62.0,62.0,56.0,24.0,62.0,623.0,0.0,26.0,0.0,36.0,2553.0,1999.0,203.0,1504.0,377.0,999.0,298.0,3680.0,434181170.0,773.0,1077.0,372.0,827.0,1.0,39.0,39.0,49.0,4.0,6.0,0.0,0.0,0.2,294.0,288.0,348.0,1.0
DriverInfo.java,3.0,0.0,3.0,0.0,1.0,1.0,1.0,1.0,3.0,3.0,0.0,1.0,0.0,0.0,3.0,3.0,3.0,1.0,3.0,3.0,0.0,0.0,0.0,3.0,7.0,43.0,6.0,16.0,9.0,4.0,21.0,9.0,2.0,8.0,12.0,9.0,4.0,1.0,1.0,1.0,1.0,1.0,0.0,100.0,100.0,1.31,3.0,3.0,3.0,0.0
DropPartitionsRequest.java,12.0,1.0,12.0,1.0,3.0,3.0,4.0,11.0,55.0,55.0,0.0,6.0,3.0,17.0,73.0,71.0,70.0,19.0,73.0,65.0,1.0,2.0,0.0,70.0,310.0,1112.0,133.0,946.0,189.0,621.0,57.0,252.0,16357.0,456.0,673.0,167.0,547.0,1.0,26.0,26.0,58.0,2.0,3.0,0.0,0.0,0.06,245.0,210.0,285.0,0.0
DummyRawStoreControlledCommit.java,5.0,0.0,5.0,0.0,1.0,1.0,1.0,3.0,37.0,37.0,0.0,1.0,1.0,1.0,120.0,120.0,119.0,1.0,120.0,120.0,0.0,0.0,0.0,120.0,352.0,791.0,128.0,632.0,380.0,132.0,31.0,201.0,120.0,158.0,280.0,162.0,118.0,1.0,2.0,2.0,2.0,1.0,1.0,56.0,56.0,0.05,121.0,121.0,121.0,0.0
DummyRawStoreForJdoConnection.java,5.0,1.0,5.0,0.0,1.0,1.0,1.0,2.0,39.0,39.0,0.0,1.0,0.0,0.0,118.0,118.0,118.0,0.0,118.0,118.0,0.0,0.0,0.0,118.0,4.0,809.0,206.0,576.0,357.0,102.0,27.0,139.0,118.0,139.0,258.0,160.0,99.0,1.0,1.0,1.0,1.0,1.0,0.0,0.0,0.0,0.05,118.0,118.0,118.0,0.0
DynamicSerDeSimpleNode.java,3.0,0.0,3.0,0.0,1.0,1.0,1.0,1.0,2.0,2.0,4.0,1.0,0.0,1.0,2.0,2.0,2.0,2.0,2.0,14.0,0.0,0.0,0.0,2.0,0.0,38.0,5.0,12.0,7.0,3.0,21.0,0.0,0.0,6.0,9.0,7.0,2.0,0.0,1.0,1.0,1.0,2.0,0.0,100.0,100.0,1.75,2.0,2.0,2.0,0.0
EncodedReaderImpl.java,20.0,1.0,17.0,3.0,4.0,4.0,4.0,22.0,103.0,103.0,0.0,14.0,11.0,5.0,59.0,59.0,48.0,30.0,59.0,154.0,0.0,22.0,0.0,37.0,281.0,1365.0,96.0,1044.0,308.0,697.0,248.0,304.0,2866388.0,554.0,771.0,280.0,561.0,1.0,38.0,38.0,44.0,4.0,6.0,0.0,0.0,0.24,220.0,220.0,243.0,1.0
EncodedTreeReaderFactory.java,9.0,0.0,8.0,0.0,2.0,2.0,2.0,43.0,379.0,379.0,0.0,30.0,15.0,0.0,152.0,153.0,138.0,135.0,153.0,467.0,1.0,14.0,0.0,138.0,511.0,1836.0,271.0,1492.0,504.0,779.0,73.0,449.0,622.0,607.0,914.0,386.0,569.0,1.0,16.0,10.0,16.0,4.0,3.0,42.0,42.0,0.05,290.0,277.0,294.0,0.0
ErrorMsg.java,8.0,0.0,6.0,2.0,2.0,2.0,2.0,1.0,7.0,7.0,0.0,1.0,9.0,7.0,27.0,25.0,18.0,270.0,27.0,3.0,0.0,7.0,0.0,20.0,334.0,783.0,72.0,624.0,480.0,111.0,88.0,95.0,62.0,101.0,153.0,60.0,108.0,1.0,9.0,9.0,9.0,1.0,4.0,0.0,0.0,0.14,46.0,46.0,47.0,1.0
ExampleUseCase.java,56.0,13.0,22.0,21.0,1.0,1.0,1.0,1.0,10.0,10.0,0.0,1.0,0.0,0.0,1.0,1.0,1.0,11.0,1.0,1.0,0.0,0.0,0.0,1.0,11.0,99.0,19.0,41.0,26.0,21.0,39.0,21.0,1.0,30.0,32.0,24.0,13.0,1.0,1.0,1.0,1.0,1.0,0.0,0.0,0.0,0.95,1.0,1.0,1.0,0.0
Exec.java,10.0,0.0,8.0,2.0,2.0,2.0,2.0,168.0,1664.0,1664.0,7.0,2.0,0.0,4.0,199.0,197.0,199.0,46.0,199.0,972.0,33.0,0.0,0.0,166.0,3709.0,2361.0,219.0,1669.0,485.0,916.0,477.0,4334.0,135343978.0,735.0,1123.0,395.0,828.0,1.0,12.0,12.0,15.0,3.0,4.0,0.0,0.0,0.29,382.0,382.0,418.0,1.0
ExecDriver.java,27.0,3.0,21.0,3.0,4.0,4.0,5.0,5.0,162.0,162.0,1.0,1.0,5.0,4.0,26.0,26.0,21.0,3.0,26.0,126.0,0.0,4.0,1.0,21.0,308.0,853.0,115.0,626.0,224.0,392.0,113.0,500.0,133275756.0,364.0,481.0,212.0,342.0,1.0,42.0,42.0,49.0,2.0,5.0,73.0,44.0,0.18,113.0,113.0,124.0,1.0
ExplainTask.java,33.0,3.0,29.0,1.0,8.0,8.0,9.0,6.0,73.0,73.0,0.0,3.0,2.0,2.0,27.0,27.0,25.0,3.0,27.0,99.0,0.0,14.0,0.0,13.0,134.0,1006.0,114.0,826.0,200.0,533.0,66.0,224.0,4446734.0,382.0,584.0,187.0,465.0,3.0,50.0,50.0,70.0,2.0,7.0,0.0,0.0,0.08,206.0,205.0,252.0,1.0
ExportSemanticAnalyzer.java,73.0,6.0,60.0,8.0,11.0,11.0,14.0,1.0,33.0,33.0,0.0,1.0,0.0,0.0,2.0,2.0,2.0,1.0,2.0,82.0,0.0,0.0,0.0,2.0,22.0,198.0,20.0,143.0,47.0,96.0,36.0,48.0,3000.0,67.0,89.0,44.0,62.0,20.0,20.0,20.0,26.0,2.0,4.0,50.0,50.0,0.25,21.0,21.0,27.0,0.0
Expression.java,17.0,0.0,14.0,3.0,4.0,4.0,4.0,85.0,852.0,852.0,171.0,1.0,0.0,0.0,34.0,34.0,34.0,2.0,34.0,1148.0,8.0,0.0,0.0,26.0,4702.0,654.0,39.0,499.0,96.0,320.0,123.0,4079.0,2346.0,239.0,363.0,103.0,306.0,1.0,9.0,9.0,13.0,3.0,3.0,38.0,38.0,0.25,123.0,123.0,143.0,0.0
File.java,10.0,0.0,7.0,2.0,2.0,2.0,2.0,375.0,3368.0,3368.0,27.0,1.0,0.0,0.0,10.0,10.0,10.0,4.0,10.0,2847.0,0.0,0.0,0.0,10.0,9304.0,142.0,14.0,84.0,23.0,40.0,44.0,10329.0,45355209.0,38.0,58.0,22.0,36.0,1.0,4.0,4.0,4.0,4.0,2.0,0.0,0.0,0.52,19.0,19.0,19.0,0.0
FileOutputCommitterContainer.java,37.0,3.0,28.0,7.0,6.0,6.0,7.0,1.0,62.0,62.0,0.0,1.0,1.0,9.0,24.0,24.0,23.0,10.0,24.0,26.0,0.0,15.0,0.0,9.0,152.0,1019.0,107.0,726.0,198.0,486.0,193.0,286.0,1758.0,321.0,476.0,186.0,362.0,3.0,30.0,30.0,33.0,3.0,8.0,84.0,76.0,0.27,138.0,138.0,161.0,1.0
FileSinkDesc.java,5.0,0.0,4.0,1.0,1.0,1.0,1.0,1.0,15.0,15.0,0.0,2.0,0.0,1.0,66.0,64.0,66.0,33.0,66.0,75.0,0.0,0.0,0.0,66.0,278.0,470.0,79.0,291.0,123.0,108.0,102.0,77.0,62.0,137.0,204.0,105.0,100.0,1.0,2.0,2.0,2.0,2.0,1.0,94.0,94.0,0.35,66.0,66.0,66.0,1.0
FileSinkOperator.java,26.0,2.0,19.0,5.0,5.0,5.0,5.0,29.0,271.0,271.0,1.0,4.0,1.0,4.0,40.0,40.0,41.0,63.0,42.0,388.0,2.0,12.0,9.0,19.0,603.0,1259.0,132.0,900.0,250.0,556.0,238.0,660.0,7525.0,477.0,667.0,253.0,465.0,1.0,24.0,24.0,29.0,4.0,7.0,41.5,19.0,0.26,187.0,187.0,215.0,1.0
FireEventRequest.java,11.0,0.0,10.0,1.0,3.0,3.0,3.0,12.0,89.0,89.0,0.0,6.0,3.0,11.0,61.0,59.0,58.0,13.0,61.0,76.0,1.0,2.0,0.0,58.0,274.0,861.0,104.0,727.0,160.0,444.0,45.0,244.0,1063.0,339.0,509.0,146.0,392.0,1.0,17.0,17.0,35.0,2.0,4.0,0.0,0.0,0.06,183.0,163.0,205.0,0.0
FirstInFirstOutComparator.java,50.0,6.0,39.0,5.0,12.0,12.0,14.0,4.0,38.0,38.0,0.0,1.0,0.0,0.0,1.0,1.0,1.0,0.0,1.0,29.0,0.0,0.0,0.0,1.0,25.0,81.0,11.0,46.0,16.0,30.0,24.0,74.0,25.0,24.0,37.0,15.0,30.0,1.0,12.0,12.0,14.0,3.0,2.0,33.0,33.0,0.52,12.0,12.0,14.0,0.0
Function.java,13.0,1.0,12.0,1.0,3.0,3.0,4.0,251.0,1618.0,1618.0,36.0,6.0,3.0,13.0,76.0,74.0,73.0,19.0,76.0,1770.0,1.0,2.0,0.0,73.0,4632.0,1199.0,129.0,1013.0,198.0,650.0,81.0,4596.0,164307.0,474.0,710.0,176.0,575.0,1.0,26.0,26.0,56.0,5.0,4.0,0.0,0.0,0.08,263.0,228.0,300.0,0.0
FunctionRegistry.java,19.0,1.0,13.0,5.0,4.0,3.0,5.0,3.0,326.0,326.0,0.0,1.0,55.0,14.0,56.0,56.0,1.0,0.0,56.0,89.0,2.0,2.0,0.0,52.0,474.0,1611.0,169.0,1142.0,338.0,759.0,303.0,319.0,21478.0,679.0,868.0,312.0,643.0,1.5,24.0,24.0,26.0,2.0,5.0,0.0,0.0,0.27,206.0,190.0,261.0,1.0
GenMapRedUtils.java,38.0,3.0,25.0,10.0,5.0,5.0,6.0,5.0,135.0,135.0,0.0,2.0,46.0,1.0,48.0,48.0,2.0,0.0,48.0,56.0,5.0,4.0,0.0,39.0,332.0,1987.0,209.0,1294.0,439.0,857.0,488.0,581.0,34127436.0,668.0,938.0,388.0,722.0,2.0,42.0,42.0,44.0,1.0,6.0,25.0,25.0,0.38,239.0,238.0,280.0,1.0
GenSparkWork.java,111.0,10.0,63.0,38.0,11.0,11.0,11.0,3.0,45.0,45.0,0.0,1.0,0.0,1.0,2.0,2.0,2.0,1.0,2.0,12.0,0.0,0.0,0.0,2.0,32.0,290.0,28.0,161.0,57.0,100.0,101.0,61.0,8647.0,94.0,122.0,58.0,76.0,3.0,21.0,21.0,21.0,2.0,7.0,12.5,0.0,0.63,22.0,22.0,22.0,1.0
GenTezWork.java,87.0,8.0,56.0,23.0,10.0,10.0,11.0,5.0,94.0,94.0,0.0,1.0,0.0,1.0,5.0,5.0,5.0,1.0,5.0,33.0,0.0,3.0,0.0,2.0,85.0,506.0,51.0,317.0,94.0,217.0,138.0,170.0,51352723.0,191.0,250.0,96.0,184.0,1.0,45.0,45.0,50.0,2.0,7.0,15.0,2.5,0.44,51.0,51.0,56.0,1.0
GenVectorCode.java,20.0,1.0,18.0,1.0,3.0,3.0,3.0,1.0,13.0,13.0,0.0,1.0,9.0,2.0,96.0,96.0,87.0,9.0,96.0,96.0,6.0,85.0,0.0,5.0,672.0,2893.0,305.0,2437.0,1397.0,2161.0,151.0,547.0,239.0,1169.0,1410.0,655.0,1008.0,1.0,75.0,75.0,78.0,2.0,2.0,80.0,70.0,0.06,246.0,246.0,262.0,1.0
GenericUDAFAverage.java,12.0,1.0,11.0,1.0,2.0,2.0,2.0,9.0,90.0,90.0,2.0,8.0,1.0,1.0,32.0,39.0,38.0,12.0,39.0,164.0,0.0,1.0,23.0,15.0,120.0,460.0,56.0,364.0,157.0,185.0,40.0,102.0,63.0,167.0,223.0,120.0,120.0,1.0,16.0,5.0,16.0,4.0,3.0,0.0,0.0,0.11,72.0,60.0,77.0,1.0
GenericUDAFComputeStats.java,15.0,2.0,13.0,1.0,2.0,2.0,3.0,17.0,196.0,196.0,8.0,17.0,0.0,3.0,66.0,70.0,70.0,80.0,70.0,252.0,0.0,2.0,23.0,45.0,317.0,1385.0,232.0,1014.0,370.0,597.0,156.0,324.0,234.0,586.0,725.0,285.0,498.0,1.0,17.0,10.0,17.0,3.0,4.0,0.0,0.0,0.15,145.0,132.0,176.0,1.0
GenericUDAFCovarianceSample.java,36.0,2.0,34.0,1.0,15.0,5.0,15.0,2.0,15.0,15.0,0.0,2.0,0.0,0.0,2.0,2.0,2.0,0.0,2.0,28.0,0.0,0.0,0.0,2.0,17.0,123.0,10.0,87.0,24.0,53.0,28.0,8.0,27.0,19.0,30.0,13.0,17.0,14.5,26.0,6.0,26.0,3.0,2.0,0.0,0.0,0.32,29.0,9.0,29.0,0.0
GenericUDF.java,12.0,0.0,11.0,1.0,3.0,2.0,3.0,212.0,3138.0,3138.0,155.0,3.0,0.0,1.0,34.0,39.0,39.0,1.0,39.0,6181.0,2.0,0.0,21.0,16.0,4232.0,564.0,52.0,408.0,153.0,232.0,104.0,4905.0,4421.0,192.0,262.0,128.0,164.0,1.0,8.0,7.0,12.0,5.0,2.0,33.0,33.0,0.25,89.0,68.0,95.0,1.0
GenericUDFFormatNumber.java,55.0,4.0,50.0,1.0,11.0,5.0,11.0,1.0,23.0,23.0,0.0,1.0,0.0,0.0,3.0,3.0,3.0,5.0,3.0,37.0,0.0,0.0,0.0,3.0,42.0,231.0,19.0,184.0,51.0,132.0,28.0,29.0,82.0,75.0,90.0,40.0,55.0,14.0,17.0,7.0,17.0,2.0,3.0,60.0,60.0,0.15,32.0,14.0,33.0,0.0
GrantRevokeRoleRequest.java,13.0,1.0,11.0,1.0,3.0,3.0,4.0,11.0,54.0,54.0,0.0,6.0,3.0,13.0,68.0,66.0,65.0,17.0,68.0,60.0,1.0,2.0,0.0,65.0,261.0,1059.0,117.0,874.0,176.0,560.0,89.0,215.0,27433.0,403.0,611.0,154.0,494.0,1.0,23.0,23.0,51.0,2.0,3.0,0.0,0.0,0.1,231.0,201.0,266.0,0.0
HBaseReadWrite.java,17.0,0.0,12.0,5.0,3.0,3.0,3.0,6.0,112.0,112.0,0.0,6.0,4.0,37.0,128.0,128.0,124.0,26.0,128.0,141.0,92.0,29.0,1.0,6.0,891.0,2571.0,201.0,1714.0,691.0,1140.0,658.0,849.0,3914.0,1007.0,1359.0,654.0,1044.0,2.0,16.0,16.0,23.0,2.0,4.0,25.0,25.0,0.38,330.0,330.0,349.0,1.0
HBaseStore.java,16.0,0.0,15.0,1.0,3.0,3.0,3.0,7.0,246.0,246.0,0.0,2.0,3.0,1.0,140.0,140.0,137.0,10.0,140.0,238.0,3.0,18.0,0.0,119.0,1453.0,2511.0,198.0,2175.0,690.0,1369.0,141.0,2739.0,1022.0,1016.0,1446.0,501.0,1078.0,2.0,11.0,10.0,11.0,2.0,6.0,71.0,58.0,0.06,382.0,368.0,394.0,1.0
HBaseUtils.java,19.0,0.0,15.0,3.0,3.0,3.0,4.0,4.0,150.0,150.0,0.0,4.0,65.0,4.0,67.0,67.0,2.0,5.0,67.0,67.0,46.0,19.0,0.0,2.0,359.0,1423.0,89.0,1099.0,350.0,725.0,235.0,846.0,112457.0,597.0,845.0,317.0,660.0,2.0,24.0,24.0,24.0,2.0,3.0,0.0,0.0,0.21,234.0,223.0,235.0,0.0
HCatBaseInputFormat.java,29.0,3.0,19.0,7.0,3.0,3.0,3.0,1.0,44.0,44.0,1.0,1.0,6.0,0.0,9.0,9.0,3.0,1.0,9.0,9.0,0.0,4.0,1.0,4.0,46.0,340.0,42.0,206.0,102.0,113.0,92.0,77.0,40.0,111.0,145.0,89.0,87.0,2.0,9.0,7.0,10.0,2.0,3.0,100.0,100.0,0.45,29.0,27.0,30.0,0.0
HCatClientHMSImpl.java,16.0,0.0,15.0,0.0,3.0,3.0,4.0,3.0,88.0,88.0,0.0,3.0,2.0,1.0,58.0,58.0,56.0,5.0,58.0,103.0,1.0,9.0,0.0,48.0,318.0,1103.0,91.0,956.0,278.0,601.0,61.0,325.0,228.0,350.0,490.0,195.0,341.0,3.0,9.0,9.0,10.0,2.0,3.0,67.0,50.0,0.06,202.0,202.0,207.0,1.0
HCatConstants.java,2.0,0.0,2.0,1.0,1.0,1.0,1.0,1.0,5.0,5.0,0.0,1.0,0.0,73.0,1.0,1.0,1.0,0.0,1.0,1.0,0.0,1.0,0.0,0.0,0.0,211.0,35.0,89.0,86.0,75.0,88.0,0.0,0.0,77.0,79.0,79.0,2.0,0.0,1.0,1.0,1.0,1.0,0.0,0.0,0.0,0.99,1.0,1.0,1.0,1.0
HCatSemanticAnalyzer.java,86.0,11.0,63.0,13.0,36.0,8.0,36.0,2.0,56.0,56.0,3.0,1.0,0.0,0.0,4.0,4.0,4.0,2.0,4.0,26.0,0.0,1.0,1.0,2.0,176.0,406.0,52.0,288.0,70.0,214.0,68.0,83.0,18866.0,95.0,128.0,63.0,86.0,2.0,68.0,21.0,68.0,3.0,4.0,69.5,41.5,0.24,143.0,33.0,143.0,0.0
HWISessionItem.java,13.0,0.0,9.0,4.0,2.0,2.0,2.0,3.0,35.0,35.0,0.0,2.0,0.0,1.0,35.0,33.0,35.0,19.0,35.0,33.0,0.0,2.0,2.0,31.0,116.0,610.0,62.0,370.0,94.0,217.0,182.0,122.0,409.0,181.0,262.0,91.0,183.0,1.0,18.0,18.0,18.0,1.0,9.0,86.0,81.0,0.49,75.0,75.0,75.0,0.0
Hadoop23Shims.java,9.0,0.0,8.0,1.0,2.0,2.0,2.0,27.0,263.0,263.0,2.0,18.0,3.0,3.0,128.0,128.0,125.0,26.0,128.0,197.0,0.0,10.0,2.0,116.0,281.0,1504.0,186.0,1188.0,467.0,580.0,137.0,365.0,235.0,503.0,739.0,350.0,453.0,1.0,8.0,8.0,9.0,3.0,4.0,0.0,0.0,0.12,230.0,223.0,240.0,1.0
HadoopShims.java,3.0,0.0,2.0,1.0,1.0,1.0,1.0,20.0,119.0,119.0,3.0,18.0,1.0,0.0,14.0,111.0,116.0,10.0,117.0,63.0,27.0,0.0,0.0,90.0,476.0,749.0,102.0,239.0,208.0,7.0,411.0,206.0,103.0,155.0,179.0,172.0,7.0,0.0,2.0,2.0,2.0,2.0,1.0,0.0,0.0,1.72,9.0,9.0,9.0,1.0
Handle.java,7.0,0.0,7.0,0.0,2.0,2.0,2.0,331.0,3225.0,3225.0,18.0,1.0,0.0,0.0,6.0,7.0,7.0,1.0,7.0,1566.0,0.0,0.0,0.0,7.0,7930.0,78.0,14.0,47.0,17.0,21.0,17.0,9304.0,7847915.0,19.0,32.0,14.0,18.0,2.0,7.0,7.0,7.0,4.0,2.0,0.0,0.0,0.36,13.0,13.0,13.0,0.0
Handler.java,2.0,0.0,2.0,0.0,0.0,0.0,0.0,287.0,3011.0,3011.0,15.0,2.0,0.0,0.0,3.0,1.0,3.0,7.0,3.0,1314.0,1.0,0.0,0.0,2.0,6543.0,41.0,4.0,17.0,10.0,5.0,20.0,8491.0,7846606.0,13.0,15.0,10.0,5.0,2.0,1.0,1.0,1.0,4.0,0.0,0.0,0.0,1.18,1.0,1.0,1.0,0.0
HbaseMetastoreProto.java,9.0,0.0,8.0,1.0,2.0,2.0,2.0,201.0,1715.0,1715.0,0.0,166.0,642.0,344.0,3207.0,3579.0,2945.0,505.0,3587.0,3167.0,380.0,374.0,156.0,2677.0,7499.0,34901.0,1793.0,26948.0,8280.0,14622.0,6160.0,9718.0,448027.0,11184.0,16711.0,5471.0,11694.0,1.0,29.0,23.0,29.0,2.0,4.0,72.0,53.0,0.23,5600.0,5463.0,5622.0,0.0
HcatTestUtils.java,15.0,1.0,12.0,3.0,3.0,3.0,3.0,1.0,14.0,14.0,0.0,1.0,3.0,9.0,3.0,3.0,0.0,0.0,3.0,3.0,0.0,0.0,0.0,3.0,37.0,100.0,10.0,61.0,32.0,31.0,37.0,15.0,15.0,36.0,50.0,34.0,28.0,3.0,5.0,5.0,5.0,1.0,2.0,100.0,100.0,0.61,9.0,9.0,9.0,0.0
Hive.java,20.0,1.0,14.0,6.0,3.0,3.0,4.0,4482.0,27696.0,27696.0,107.0,4.0,22.0,7.0,154.0,154.0,132.0,4.0,154.0,21101.0,0.0,22.0,4.0,128.0,59507.0,3436.0,276.0,2285.0,638.0,1412.0,884.0,62074.0,13819688.0,963.0,1472.0,535.0,1123.0,1.0,28.0,28.0,29.0,4.0,7.0,0.0,0.0,0.39,500.0,498.0,542.0,1.0
HiveAlterHandler.java,52.0,3.0,44.0,5.0,9.0,9.0,11.0,2.0,40.0,40.0,0.0,1.0,0.0,1.0,12.0,12.0,12.0,1.0,12.0,12.0,1.0,5.0,0.0,6.0,87.0,695.0,47.0,568.0,145.0,401.0,83.0,208.0,1113419.0,259.0,372.0,134.0,292.0,5.5,32.0,32.0,41.0,1.0,7.0,58.0,50.0,0.15,107.0,107.0,132.0,1.0
HiveBaseResultSet.java,4.0,0.0,4.0,0.0,1.0,1.0,1.0,2.0,35.0,35.0,2.0,1.0,0.0,0.0,192.0,192.0,192.0,9.0,192.0,192.0,0.0,2.0,2.0,188.0,117.0,1058.0,201.0,830.0,270.0,359.0,27.0,184.0,262.0,315.0,560.0,256.0,321.0,1.0,12.0,6.0,12.0,1.0,2.0,99.0,94.0,0.03,251.0,243.0,253.0,0.0
HiveCallableStatement.java,4.0,0.0,3.0,1.0,1.0,1.0,1.0,2.0,26.0,26.0,0.0,1.0,0.0,0.0,213.0,213.0,213.0,1.0,213.0,213.0,0.0,0.0,0.0,213.0,1.0,2462.0,425.0,719.0,292.0,213.0,1318.0,98.0,212.0,237.0,451.0,238.0,213.0,1.0,1.0,1.0,1.0,1.0,0.0,99.0,99.0,1.83,213.0,213.0,213.0,0.0
HiveConf.java,7.0,0.0,6.0,1.0,2.0,2.0,2.0,11.0,92.0,92.0,0.0,9.0,53.0,21.0,125.0,122.0,73.0,740.0,126.0,146.0,17.0,16.0,0.0,93.0,2051.0,3767.0,332.0,3196.0,2495.0,668.0,252.0,518.0,10303.0,427.0,664.0,266.0,445.0,1.0,17.0,17.0,21.0,2.0,4.0,0.0,0.0,0.08,237.0,231.0,262.0,1.0
HiveConnection.java,11.0,0.0,9.0,2.0,2.0,2.0,2.0,5.0,99.0,99.0,0.0,3.0,1.0,1.0,83.0,83.0,82.0,18.0,83.0,83.0,2.0,17.0,0.0,64.0,219.0,1428.0,157.0,842.0,320.0,437.0,432.0,247.0,252.0,367.0,527.0,247.0,331.0,1.0,11.0,11.0,14.0,2.0,4.0,0.0,0.0,0.51,155.0,155.0,167.0,1.0
HiveDatabaseMetaData.java,5.0,0.0,5.0,0.0,1.0,1.0,1.0,7.0,42.0,42.0,0.0,4.0,2.0,3.0,186.0,186.0,184.0,4.0,186.0,380.0,0.0,2.0,0.0,184.0,89.0,1152.0,213.0,873.0,274.0,406.0,67.0,338.0,221.0,311.0,528.0,250.0,292.0,1.0,8.0,8.0,8.0,3.0,4.0,0.0,0.0,0.08,214.0,214.0,214.0,0.0
HiveGBOpConvUtil.java,38.0,4.0,28.0,6.0,5.0,4.0,5.0,3.0,67.0,67.0,0.0,4.0,28.0,0.0,30.0,28.0,2.0,29.0,30.0,28.0,1.0,27.0,0.0,2.0,304.0,1292.0,152.0,927.0,346.0,681.0,213.0,304.0,3757.0,551.0,674.0,309.0,497.0,4.0,20.0,20.0,24.0,1.0,5.0,0.0,0.0,0.23,143.0,124.0,160.0,1.0
HiveInsertExchange4JoinRule.java,40.0,3.0,36.0,2.0,8.0,8.0,8.0,1.0,27.0,27.0,0.0,1.0,0.0,3.0,2.0,2.0,2.0,0.0,2.0,2.0,0.0,0.0,0.0,2.0,5.0,150.0,15.0,104.0,51.0,55.0,31.0,28.0,269.0,61.0,81.0,49.0,46.0,15.0,15.0,15.0,15.0,2.0,4.0,0.0,0.0,0.3,16.0,16.0,16.0,0.0
HiveMetaStore.java,20.0,1.0,17.0,2.0,3.0,3.0,4.0,51.0,879.0,879.0,8.0,20.0,28.0,23.0,290.0,290.0,262.0,19.0,290.0,1101.0,2.0,96.0,7.0,185.0,3464.0,6239.0,614.0,5162.0,1496.0,3383.0,482.0,4632.0,122899.0,2309.0,3308.0,1074.0,2547.0,2.0,26.0,26.0,35.0,3.0,6.0,0.0,0.0,0.09,968.0,966.0,1052.0,1.0
HiveMetaStoreClient.java,10.0,0.0,8.0,2.0,2.0,2.0,2.0,11.0,235.0,235.0,3.0,4.0,2.0,2.0,181.0,182.0,180.0,17.0,182.0,579.0,1.0,17.0,7.0,157.0,1221.0,2261.0,211.0,1647.0,775.0,705.0,407.0,849.0,2403.0,654.0,963.0,461.0,584.0,1.0,19.0,19.0,23.0,2.0,6.0,58.5,53.0,0.25,324.0,324.0,337.0,1.0
HiveObjectRef.java,11.0,0.0,11.0,1.0,3.0,3.0,3.0,11.0,57.0,57.0,0.0,6.0,3.0,9.0,61.0,59.0,58.0,12.0,61.0,53.0,1.0,2.0,0.0,58.0,252.0,872.0,102.0,729.0,160.0,441.0,56.0,188.0,2486.0,333.0,505.0,143.0,394.0,1.0,17.0,17.0,37.0,2.0,4.0,0.0,0.0,0.08,185.0,165.0,210.0,0.0
HiveOpConverter.java,28.0,3.0,24.0,2.0,5.0,5.0,5.0,7.0,158.0,158.0,0.0,3.0,17.0,1.0,38.0,36.0,21.0,12.0,38.0,43.0,11.0,23.0,0.0,4.0,243.0,1248.0,145.0,1000.0,389.0,672.0,108.0,520.0,4151.0,603.0,788.0,372.0,589.0,4.0,16.0,16.0,21.0,2.0,5.0,0.0,0.0,0.11,176.0,172.0,193.0,1.0
HiveOperation.java,4.0,0.0,4.0,0.0,1.0,1.0,1.0,2.0,5.0,5.0,0.0,2.0,0.0,0.0,21.0,19.0,21.0,109.0,21.0,13.0,0.0,2.0,0.0,19.0,54.0,247.0,26.0,200.0,147.0,33.0,21.0,39.0,25.0,49.0,69.0,36.0,33.0,1.0,2.0,2.0,2.0,1.0,1.0,41.5,41.5,0.1,20.0,20.0,20.0,0.0
HiveOperationType.java,0.0,0.0,0.0,0.0,0.0,0.0,0.0,1.0,4.0,4.0,0.0,1.0,0.0,0.0,2.0,0.0,2.0,111.0,2.0,1.0,0.0,0.0,0.0,2.0,4.0,151.0,6.0,118.0,117.0,0.0,34.0,13.0,7.0,3.0,4.0,4.0,0.0,3.0,0.0,0.0,0.0,1.0,0.0,0.0,0.0,0.29,0.0,0.0,0.0,0.0
HiveStatsUtils.java,39.0,2.0,19.0,18.0,4.0,4.0,4.0,1.0,8.0,8.0,0.0,1.0,1.0,0.0,1.0,1.0,0.0,0.0,1.0,1.0,0.0,0.0,0.0,1.0,15.0,76.0,8.0,28.0,14.0,13.0,40.0,10.0,4.0,18.0,23.0,14.0,13.0,4.0,4.0,4.0,4.0,1.0,2.0,0.0,0.0,1.43,4.0,4.0,4.0,0.0
HiveWindowingFixRule.java,52.0,4.0,35.0,14.0,8.0,8.0,9.0,1.0,19.0,19.0,0.0,1.0,0.0,1.0,2.0,2.0,2.0,1.0,2.0,2.0,0.0,1.0,0.0,1.0,3.0,163.0,17.0,92.0,42.0,52.0,54.0,21.0,464.0,53.0,74.0,45.0,41.0,14.0,14.0,14.0,17.0,2.0,4.0,0.0,0.0,0.59,15.0,15.0,18.0,1.0
IMetaStoreClient.java,3.0,0.0,3.0,0.0,1.0,1.0,1.0,1.0,1.0,1.0,0.0,3.0,0.0,0.0,1.0,132.0,132.0,0.0,132.0,25.0,128.0,0.0,0.0,4.0,307.0,1512.0,143.0,344.0,339.0,1.0,1025.0,98.0,1.0,197.0,201.0,200.0,1.0,0.0,1.0,1.0,1.0,3.0,0.0,0.0,0.0,2.98,1.0,1.0,1.0,1.0
Index.java,14.0,1.0,13.0,1.0,4.0,3.0,4.0,98.0,867.0,867.0,5.0,6.0,3.0,17.0,85.0,83.0,82.0,23.0,85.0,862.0,1.0,2.0,0.0,82.0,2967.0,1374.0,146.0,1193.0,225.0,786.0,65.0,3139.0,14036154.0,573.0,843.0,198.0,688.0,1.0,32.0,32.0,66.0,4.0,4.0,35.5,33.0,0.05,307.0,262.0,348.0,0.0
JoinOperator.java,15.0,1.0,11.0,3.0,3.0,3.0,3.0,36.0,368.0,368.0,8.0,2.0,0.0,1.0,14.0,12.0,14.0,3.0,14.0,1562.0,0.0,2.0,2.0,10.0,991.0,286.0,28.0,187.0,65.0,102.0,71.0,1221.0,21940.0,93.0,133.0,55.0,92.0,2.0,10.0,10.0,13.0,6.0,6.0,33.0,33.0,0.38,37.0,37.0,43.0,1.0
LazySimpleDeserializeRead.java,12.0,1.0,11.0,1.0,2.0,2.0,3.0,11.0,68.0,68.0,0.0,10.0,1.0,4.0,52.0,52.0,51.0,38.0,52.0,81.0,0.0,1.0,0.0,51.0,129.0,959.0,115.0,643.0,212.0,344.0,201.0,151.0,3963.0,311.0,422.0,173.0,262.0,1.0,57.0,42.0,80.0,3.0,4.0,0.0,0.0,0.31,119.0,104.0,142.0,0.0
LinearExtrapolatePartStatus.java,80.0,0.0,75.0,5.0,14.0,14.0,14.0,2.0,8.0,8.0,0.0,1.0,0.0,0.0,1.0,1.0,1.0,0.0,1.0,1.0,0.0,0.0,0.0,1.0,10.0,106.0,4.0,80.0,30.0,62.0,22.0,6.0,25.0,33.0,48.0,20.0,33.0,14.0,14.0,14.0,14.0,1.0,3.0,0.0,0.0,0.28,14.0,14.0,14.0,0.0
ListBucketingPruner.java,43.0,2.0,15.0,26.0,3.0,3.0,4.0,3.0,42.0,42.0,0.0,2.0,10.0,1.0,11.0,11.0,1.0,0.0,11.0,29.0,0.0,5.0,0.0,6.0,121.0,636.0,38.0,191.0,73.0,112.0,412.0,134.0,74.0,93.0,137.0,67.0,92.0,2.0,6.0,6.0,7.0,2.0,4.0,0.0,0.0,2.16,35.0,35.0,40.0,0.0
LlapDaemonProtocolProtos.java,9.0,0.0,8.0,1.0,2.0,2.0,2.0,105.0,811.0,811.0,4.0,88.0,292.0,145.0,1355.0,1501.0,1213.0,219.0,1505.0,1390.0,135.0,159.0,70.0,1141.0,3398.0,14553.0,854.0,11524.0,3606.0,6285.0,2175.0,4058.0,87239.0,4657.0,6967.0,2327.0,4823.0,1.0,28.0,28.0,34.0,2.0,4.0,0.0,0.0,0.19,2339.0,2268.0,2461.0,0.0
LlapServiceDriver.java,52.0,8.0,40.0,5.0,9.0,9.0,9.0,1.0,33.0,33.0,0.0,1.0,2.0,5.0,6.0,6.0,4.0,1.0,6.0,6.0,0.0,3.0,0.0,3.0,48.0,385.0,61.0,279.0,81.0,189.0,46.0,88.0,238878744.0,152.0,215.0,87.0,158.0,3.0,35.0,35.0,36.0,1.0,4.0,50.0,33.0,0.16,53.0,53.0,54.0,1.0
LlapTaskSchedulerService.java,14.0,0.0,12.0,1.0,2.0,2.0,3.0,20.0,179.0,179.0,1.0,14.0,0.0,7.0,82.0,80.0,82.0,90.0,82.0,141.0,19.0,18.0,1.0,44.0,516.0,1512.0,160.0,1200.0,374.0,736.0,158.0,529.0,923.0,581.0,814.0,330.0,559.0,1.0,18.0,18.0,21.0,3.0,7.0,16.5,16.5,0.13,194.0,194.0,219.0,0.0
LocalSparkJobMonitor.java,53.0,5.0,46.0,2.0,8.0,7.0,9.0,1.0,9.0,9.0,0.0,1.0,0.0,0.0,2.0,2.0,2.0,1.0,2.0,6.0,0.0,0.0,0.0,2.0,23.0,141.0,16.0,101.0,21.0,78.0,24.0,20.0,83.0,64.0,79.0,22.0,63.0,15.0,15.0,12.0,16.0,2.0,6.0,0.0,0.0,0.24,16.0,13.0,17.0,0.0
Lock.java,8.0,0.0,7.0,1.0,2.0,2.0,2.0,136.0,766.0,766.0,4.0,2.0,5.0,3.0,27.0,27.0,22.0,19.0,27.0,723.0,5.0,9.0,0.0,13.0,3993.0,322.0,39.0,247.0,90.0,130.0,36.0,3742.0,194029247.0,135.0,187.0,88.0,113.0,1.0,8.0,8.0,9.0,3.0,4.0,0.0,0.0,0.15,49.0,49.0,52.0,1.0
LockRequest.java,11.0,1.0,10.0,1.0,3.0,3.0,3.0,27.0,132.0,132.0,0.0,6.0,3.0,11.0,61.0,59.0,58.0,13.0,61.0,136.0,1.0,2.0,0.0,58.0,666.0,861.0,107.0,724.0,161.0,443.0,45.0,723.0,1162.0,341.0,509.0,147.0,394.0,1.0,17.0,17.0,37.0,2.0,4.0,0.0,0.0,0.06,180.0,160.0,205.0,0.0
MapJoinOperator.java,21.0,1.0,17.0,3.0,4.0,4.0,5.0,25.0,253.0,253.0,6.0,2.0,1.0,3.0,29.0,29.0,28.0,14.0,29.0,954.0,0.0,3.0,14.0,12.0,512.0,746.0,80.0,544.0,178.0,322.0,129.0,628.0,15888.0,302.0,418.0,175.0,285.0,2.0,22.0,22.0,28.0,6.0,7.0,33.0,33.0,0.24,112.0,112.0,133.0,1.0
MegaStruct.java,17.0,1.0,16.0,0.0,4.0,4.0,5.0,11.0,87.0,87.0,0.0,6.0,3.0,31.0,164.0,162.0,161.0,43.0,164.0,156.0,1.0,2.0,0.0,161.0,718.0,3128.0,285.0,2798.0,451.0,1802.0,105.0,623.0,3249205145.0,1322.0,1977.0,486.0,1633.0,1.0,62.0,62.0,142.0,2.0,5.0,0.0,0.0,0.04,725.0,630.0,825.0,0.0
Meta.java,23.0,0.0,21.0,3.0,5.0,5.0,5.0,4023.0,23927.0,23927.0,55.0,1.0,0.0,0.0,8.0,8.0,8.0,4.0,8.0,19126.0,4.0,0.0,0.0,4.0,54519.0,236.0,17.0,177.0,53.0,118.0,42.0,60263.0,28490190.0,101.0,140.0,57.0,109.0,1.0,10.0,10.0,11.0,4.0,5.0,0.0,0.0,0.24,39.0,39.0,43.0,0.0
MetaStoreDirectSql.java,26.0,1.0,22.0,3.0,4.0,4.0,5.0,13.0,130.0,130.0,10.0,15.0,8.0,4.0,60.0,57.0,53.0,27.0,61.0,71.0,3.0,27.0,4.0,27.0,305.0,1666.0,114.0,1340.0,374.0,994.0,228.0,435.0,177318.0,715.0,961.0,356.0,749.0,2.0,38.0,38.0,41.0,2.0,6.0,0.0,0.0,0.17,258.0,258.0,287.0,1.0
MetaStoreUtils.java,19.0,1.0,14.0,4.0,3.0,3.0,4.0,5.0,95.0,95.0,0.0,4.0,77.0,14.0,80.0,80.0,3.0,0.0,80.0,82.0,5.0,6.0,0.0,69.0,484.0,1759.0,157.0,1237.0,356.0,786.0,371.0,472.0,12557.0,563.0,837.0,325.0,615.0,3.0,19.0,19.0,22.0,2.0,4.0,0.0,0.0,0.3,259.0,259.0,288.0,1.0
MetadataOperation.java,10.0,0.0,8.0,2.0,2.0,2.0,2.0,1.0,16.0,16.0,7.0,1.0,0.0,3.0,9.0,9.0,9.0,0.0,9.0,53.0,0.0,2.0,6.0,1.0,40.0,148.0,16.0,88.0,35.0,43.0,44.0,26.0,14.0,47.0,63.0,32.0,35.0,2.0,3.0,3.0,3.0,2.0,2.0,100.0,100.0,0.5,15.0,15.0,17.0,0.0
Metastore.java,8.0,0.0,7.0,1.0,2.0,2.0,2.0,3665.0,20847.0,20847.0,11.0,10.0,34.0,15.0,139.0,150.0,116.0,18.0,150.0,15909.0,11.0,19.0,8.0,112.0,44895.0,1331.0,86.0,1054.0,345.0,534.0,191.0,48934.0,582596.0,415.0,638.0,220.0,432.0,1.0,9.0,8.0,9.0,4.0,4.0,0.0,0.0,0.18,223.0,219.0,223.0,0.0
MoveTask.java,54.0,4.0,41.0,10.0,9.0,9.0,11.0,2.0,74.0,74.0,0.0,1.0,0.0,2.0,10.0,10.0,10.0,0.0,10.0,82.0,0.0,5.0,0.0,5.0,89.0,638.0,50.0,467.0,141.0,308.0,125.0,198.0,5308178.0,226.0,318.0,138.0,228.0,4.5,43.0,42.0,56.0,2.0,7.0,0.0,0.0,0.27,90.0,89.0,107.0,1.0
MyTestClassSmaller.java,27.0,2.0,25.0,0.0,17.0,17.0,17.0,1.0,19.0,19.0,0.0,1.0,0.0,1.0,1.0,1.0,1.0,17.0,1.0,1.0,0.0,0.0,0.0,1.0,4.0,85.0,10.0,58.0,35.0,24.0,17.0,33.0,1.0,51.0,53.0,35.0,19.0,17.0,17.0,17.0,17.0,1.0,0.0,0.0,0.0,0.29,17.0,17.0,17.0,0.0
NotificationEvent.java,11.0,1.0,11.0,1.0,3.0,3.0,3.0,45.0,204.0,204.0,0.0,6.0,3.0,13.0,63.0,61.0,60.0,15.0,63.0,162.0,1.0,2.0,0.0,60.0,815.0,900.0,112.0,757.0,166.0,482.0,49.0,528.0,1715.0,364.0,536.0,145.0,418.0,1.0,20.0,20.0,40.0,2.0,3.0,0.0,0.0,0.06,190.0,165.0,214.0,0.0
NumericOpMethodResolver.java,46.0,7.0,34.0,6.0,8.0,8.0,9.0,2.0,13.0,13.0,0.0,1.0,0.0,0.0,2.0,2.0,2.0,1.0,2.0,2.0,0.0,0.0,0.0,2.0,7.0,148.0,21.0,78.0,22.0,49.0,49.0,15.0,400.0,38.0,55.0,22.0,38.0,14.0,14.0,14.0,17.0,1.0,4.0,0.0,0.0,0.63,15.0,15.0,18.0,0.0
ObjectInspectorUtils.java,29.0,1.0,25.0,3.0,6.0,4.0,7.0,8.0,208.0,208.0,0.0,2.0,37.0,1.0,40.0,38.0,3.0,3.0,40.0,91.0,0.0,4.0,0.0,36.0,973.0,1321.0,77.0,1073.0,315.0,758.0,171.0,701.0,510.0,529.0,694.0,308.0,504.0,3.0,49.0,29.0,52.0,2.0,3.0,0.0,0.0,0.16,254.0,166.0,266.0,1.0
ObjectStore.java,23.0,1.0,21.0,1.0,3.0,3.0,4.0,24.0,321.0,321.0,12.0,19.0,5.0,9.0,323.0,324.0,321.0,34.0,326.0,757.0,4.0,115.0,30.0,177.0,2122.0,7795.0,559.0,6766.0,1924.0,4664.0,478.0,3290.0,5433.0,3248.0,4562.0,1567.0,3593.0,3.0,55.0,55.0,57.0,3.0,11.0,0.0,0.0,0.07,1111.0,1111.0,1199.0,1.0
Op.java,35.0,0.0,29.0,6.0,7.0,7.0,7.0,907.0,7604.0,7604.0,181.0,1.0,0.0,0.0,5.0,5.0,5.0,9.0,5.0,15908.0,0.0,2.0,0.0,3.0,18083.0,226.0,9.0,166.0,41.0,103.0,51.0,18099.0,239572232.0,88.0,129.0,48.0,95.0,1.0,16.0,16.0,19.0,8.0,4.0,0.0,0.0,0.31,34.0,34.0,37.0,1.0
OpTraitsRulesProcFactory.java,16.0,1.0,14.0,1.0,3.0,3.0,3.0,15.0,104.0,104.0,0.0,8.0,7.0,0.0,17.0,17.0,10.0,0.0,17.0,17.0,0.0,1.0,0.0,16.0,30.0,390.0,45.0,280.0,123.0,144.0,66.0,107.0,66.0,126.0,201.0,112.0,120.0,1.0,8.0,8.0,8.0,1.0,7.0,0.0,0.0,0.24,54.0,54.0,56.0,0.0
Operator.java,12.0,0.0,12.0,1.0,3.0,3.0,3.0,291.0,2949.0,2949.0,128.0,6.0,3.0,12.0,67.0,65.0,64.0,15.0,67.0,12850.0,1.0,2.0,0.0,64.0,8643.0,1023.0,112.0,868.0,185.0,537.0,61.0,8226.0,3601960.0,417.0,611.0,170.0,474.0,1.0,20.0,20.0,40.0,8.0,4.0,38.0,33.0,0.07,210.0,185.0,234.0,1.0
Operator.java,9.0,0.0,7.0,2.0,2.0,2.0,2.0,291.0,2949.0,2949.0,128.0,4.0,7.0,4.0,114.0,115.0,110.0,34.0,117.0,12850.0,2.0,3.0,19.0,93.0,8643.0,1380.0,188.0,905.0,273.0,456.0,290.0,8226.0,3601960.0,392.0,657.0,268.0,431.0,1.0,13.0,13.0,14.0,8.0,5.0,38.0,33.0,0.32,237.0,237.0,245.0,1.0
Optimizer.java,50.0,5.0,38.0,8.0,9.0,9.0,14.0,98.0,1148.0,1148.0,1.0,1.0,0.0,1.0,4.0,4.0,4.0,2.0,4.0,366.0,0.0,0.0,0.0,4.0,735.0,262.0,31.0,182.0,46.0,111.0,50.0,1635.0,235945745.0,87.0,125.0,43.0,89.0,2.0,33.0,33.0,52.0,3.0,2.0,0.0,0.0,0.27,37.0,37.0,56.0,1.0
OrcEncodedDataReader.java,18.0,0.0,15.0,2.0,4.0,4.0,4.0,13.0,97.0,97.0,0.0,6.0,3.0,4.0,47.0,47.0,44.0,23.0,47.0,47.0,0.0,17.0,2.0,28.0,224.0,1019.0,68.0,817.0,250.0,506.0,140.0,241.0,74784.0,456.0,628.0,240.0,433.0,1.0,38.0,38.0,45.0,2.0,6.0,0.0,0.0,0.17,174.0,174.0,205.0,1.0
OrcInputFormat.java,16.0,1.0,14.0,2.0,3.0,3.0,3.0,41.0,329.0,329.0,2.0,21.0,31.0,11.0,107.0,107.0,80.0,98.0,111.0,119.0,20.0,21.0,0.0,70.0,488.0,2114.0,188.0,1666.0,651.0,943.0,267.0,589.0,19642.0,836.0,1141.0,545.0,734.0,2.0,22.0,20.0,22.0,2.0,5.0,44.0,27.0,0.16,296.0,276.0,332.0,1.0
OrcProto.java,8.0,0.0,7.0,1.0,2.0,2.0,2.0,121.0,974.0,974.0,0.0,102.0,386.0,230.0,1839.0,2029.0,1651.0,319.0,2037.0,1799.0,198.0,224.0,92.0,1523.0,4788.0,19279.0,1024.0,14548.0,4609.0,7704.0,3707.0,5257.0,292119.0,6021.0,8990.0,3028.0,6183.0,1.0,32.0,30.0,32.0,2.0,4.0,73.0,54.0,0.25,3039.0,2932.0,3053.0,1.0
OrcUtils.java,70.0,3.0,60.0,7.0,14.0,5.0,14.0,1.0,13.0,13.0,0.0,1.0,6.0,0.0,6.0,6.0,0.0,0.0,6.0,6.0,0.0,2.0,0.0,4.0,122.0,452.0,28.0,368.0,47.0,306.0,56.0,71.0,182.0,239.0,281.0,58.0,250.0,15.0,25.0,8.0,25.0,1.0,4.0,0.0,0.0,0.15,83.0,32.0,84.0,1.0
PTFTranslator.java,23.0,2.0,20.0,1.0,4.0,3.0,4.0,3.0,105.0,105.0,0.0,2.0,16.0,1.0,42.0,42.0,26.0,11.0,42.0,42.0,2.0,24.0,6.0,10.0,202.0,1141.0,124.0,930.0,361.0,589.0,87.0,453.0,599.0,509.0,656.0,308.0,479.0,2.0,12.0,11.0,12.0,1.0,3.0,62.5,56.5,0.09,148.0,139.0,155.0,0.0
Partition.java,13.0,1.0,12.0,1.0,3.0,3.0,4.0,508.0,3574.0,3574.0,21.0,6.0,3.0,15.0,78.0,76.0,75.0,19.0,78.0,3494.0,1.0,2.0,0.0,75.0,13840.0,1229.0,131.0,1065.0,208.0,679.0,57.0,16118.0,450799.0,506.0,749.0,190.0,600.0,1.0,26.0,26.0,54.0,4.0,4.0,0.0,0.0,0.05,270.0,235.0,304.0,0.0
Partition.java,9.0,0.0,7.0,2.0,2.0,2.0,2.0,508.0,3574.0,3574.0,21.0,1.0,1.0,1.0,49.0,49.0,48.0,5.0,49.0,3494.0,0.0,1.0,1.0,47.0,13840.0,581.0,68.0,383.0,124.0,194.0,131.0,16118.0,450799.0,157.0,254.0,110.0,166.0,1.0,10.0,10.0,10.0,4.0,4.0,0.0,0.0,0.34,96.0,96.0,98.0,0.0
PartitionSpec.java,11.0,0.0,11.0,1.0,3.0,3.0,4.0,39.0,216.0,216.0,3.0,6.0,3.0,10.0,58.0,56.0,55.0,12.0,58.0,203.0,1.0,2.0,0.0,55.0,801.0,826.0,99.0,698.0,151.0,431.0,44.0,869.0,2870.0,317.0,485.0,132.0,382.0,1.0,17.0,17.0,37.0,2.0,3.0,0.0,0.0,0.06,181.0,161.0,206.0,0.0
PartitionWithoutSD.java,12.0,0.0,11.0,1.0,3.0,3.0,4.0,11.0,66.0,66.0,0.0,6.0,3.0,13.0,68.0,66.0,65.0,15.0,68.0,60.0,1.0,2.0,0.0,65.0,236.0,1016.0,113.0,872.0,184.0,539.0,49.0,218.0,10634.0,415.0,613.0,170.0,476.0,1.0,20.0,20.0,40.0,2.0,4.0,0.0,0.0,0.06,215.0,190.0,239.0,0.0
PcrExprProcFactory.java,21.0,1.0,18.0,3.0,5.0,5.0,5.0,10.0,87.0,87.0,0.0,7.0,13.0,1.0,21.0,19.0,8.0,9.0,21.0,19.0,7.0,1.0,0.0,13.0,74.0,576.0,50.0,429.0,138.0,255.0,101.0,79.0,225.0,209.0,318.0,136.0,206.0,3.0,48.0,48.0,51.0,1.0,6.0,0.0,0.0,0.24,96.0,96.0,100.0,0.0
PerfLogger.java,10.0,0.0,9.0,2.0,2.0,2.0,3.0,1.0,15.0,15.0,0.0,1.0,1.0,46.0,12.0,12.0,11.0,2.0,12.0,12.0,0.0,3.0,0.0,9.0,161.0,225.0,23.0,162.0,82.0,111.0,40.0,51.0,33.0,101.0,129.0,82.0,59.0,2.0,6.0,6.0,6.0,1.0,3.0,63.0,54.0,0.25,28.0,28.0,30.0,1.0
PrimitiveObjectInspectorUtils.java,21.0,1.0,18.0,2.0,5.0,2.0,5.0,5.0,88.0,88.0,0.0,3.0,39.0,24.0,48.0,46.0,9.0,13.0,48.0,49.0,4.0,1.0,1.0,42.0,490.0,1267.0,89.0,1020.0,211.0,775.0,164.0,334.0,248.0,496.0,594.0,171.0,475.0,2.0,20.0,6.0,20.0,2.0,2.0,0.0,0.0,0.16,256.0,106.0,259.0,0.0
QBParseInfo.java,5.0,0.0,4.0,1.0,1.0,1.0,1.0,1.0,21.0,21.0,0.0,2.0,0.0,1.0,87.0,85.0,87.0,37.0,87.0,85.0,2.0,0.0,0.0,85.0,345.0,641.0,116.0,398.0,149.0,152.0,131.0,151.0,126.0,179.0,288.0,147.0,147.0,1.0,10.0,10.0,21.0,1.0,2.0,96.0,95.0,0.33,104.0,104.0,118.0,0.0
QTestGenTask.java,8.0,1.0,7.0,0.0,2.0,2.0,2.0,7.0,37.0,37.0,2.0,5.0,1.0,1.0,52.0,52.0,51.0,23.0,52.0,56.0,0.0,3.0,0.0,49.0,96.0,585.0,110.0,444.0,136.0,239.0,31.0,131.0,133079736.0,219.0,327.0,140.0,209.0,1.0,41.0,41.0,48.0,2.0,4.0,0.0,0.0,0.07,103.0,103.0,114.0,0.0
QTestUtil.java,17.0,2.0,14.0,2.0,3.0,3.0,3.0,9.0,147.0,147.0,3.0,8.0,19.0,21.0,97.0,96.0,79.0,46.0,98.0,390.0,0.0,31.0,2.0,65.0,486.0,1997.0,275.0,1547.0,458.0,1024.0,187.0,604.0,1056.0,831.0,1137.0,449.0,835.0,2.0,16.0,16.0,20.0,3.0,5.0,0.0,0.0,0.12,294.0,294.0,339.0,1.0
Query.java,13.0,0.0,13.0,1.0,3.0,3.0,4.0,133.0,902.0,902.0,2.0,6.0,3.0,14.0,80.0,78.0,77.0,19.0,80.0,1134.0,1.0,2.0,0.0,77.0,3376.0,1278.0,133.0,1112.0,217.0,702.0,57.0,3442.0,250587.0,532.0,783.0,203.0,624.0,1.0,26.0,26.0,54.0,3.0,4.0,0.0,0.0,0.05,276.0,241.0,310.0,0.0
QueryPlanTreeTransformation.java,105.0,3.0,80.0,23.0,13.0,13.0,14.0,1.0,28.0,28.0,0.0,1.0,2.0,1.0,2.0,2.0,0.0,0.0,2.0,2.0,0.0,1.0,1.0,0.0,11.0,265.0,11.0,187.0,83.0,115.0,67.0,43.0,12324.0,103.0,137.0,70.0,96.0,12.5,22.0,22.0,24.0,1.0,6.0,0.0,0.0,0.36,25.0,25.0,27.0,1.0
RCFile.java,15.0,1.0,12.0,3.0,2.0,2.0,3.0,47.0,499.0,499.0,1.0,8.0,1.0,18.0,88.0,88.0,87.0,84.0,88.0,439.0,10.0,12.0,3.0,63.0,1006.0,2049.0,223.0,1227.0,374.0,771.0,623.0,1054.0,5871.0,676.0,910.0,342.0,612.0,1.0,15.0,15.0,16.0,3.0,5.0,0.0,0.0,0.51,219.0,219.0,232.0,0.0
RawStore.java,0.0,0.0,0.0,0.0,0.0,0.0,0.0,7.0,99.0,99.0,0.0,2.0,0.0,0.0,0.0,116.0,116.0,0.0,116.0,245.0,16.0,0.0,0.0,100.0,671.0,636.0,127.0,255.0,253.0,0.0,254.0,492.0,268.0,156.0,158.0,158.0,0.0,1.0,0.0,0.0,0.0,1.0,0.0,56.0,43.0,1.0,0.0,0.0,0.0,0.0
Reader.java,8.0,0.0,6.0,2.0,1.0,1.0,1.0,283.0,2614.0,2614.0,69.0,2.0,0.0,0.0,17.0,43.0,43.0,8.0,43.0,2259.0,26.0,0.0,0.0,17.0,5946.0,363.0,48.0,154.0,63.0,74.0,161.0,5762.0,2947649.0,102.0,129.0,64.0,67.0,1.0,8.0,8.0,8.0,4.0,3.0,33.0,20.0,1.05,25.0,25.0,25.0,1.0
Reader.java,8.0,0.0,8.0,0.0,2.0,2.0,2.0,283.0,2614.0,2614.0,69.0,3.0,0.0,2.0,1.0,5.0,5.0,0.0,5.0,2259.0,4.0,0.0,0.0,1.0,5946.0,72.0,7.0,30.0,20.0,7.0,35.0,5762.0,2947649.0,18.0,23.0,19.0,5.0,1.0,2.0,2.0,2.0,4.0,1.0,33.0,20.0,1.17,2.0,2.0,2.0,1.0
Reader.java,0.0,0.0,0.0,0.0,0.0,0.0,0.0,283.0,2614.0,2614.0,69.0,1.0,0.0,0.0,0.0,7.0,7.0,0.0,7.0,2259.0,7.0,0.0,0.0,0.0,5946.0,101.0,12.0,16.0,15.0,0.0,73.0,5762.0,2947649.0,11.0,12.0,12.0,0.0,1.0,0.0,0.0,0.0,4.0,0.0,33.0,20.0,4.56,0.0,0.0,0.0,1.0
ReaderWriter.java,87.0,12.0,74.0,1.0,20.0,4.0,20.0,5.0,70.0,70.0,0.0,1.0,2.0,1.0,2.0,2.0,0.0,0.0,2.0,23.0,0.0,0.0,0.0,2.0,83.0,227.0,31.0,172.0,50.0,138.0,24.0,112.0,63.0,121.0,130.0,52.0,97.0,1.0,20.0,4.0,20.0,2.0,2.0,10.0,10.0,0.14,40.0,8.0,40.0,0.0
RecordReaderImpl.java,23.0,1.0,19.0,4.0,6.0,5.0,6.0,9.0,169.0,169.0,0.0,4.0,16.0,6.0,47.0,45.0,31.0,36.0,47.0,116.0,13.0,15.0,2.0,17.0,725.0,1234.0,79.0,971.0,277.0,623.0,187.0,783.0,419.0,473.0,695.0,238.0,517.0,1.0,44.0,38.0,53.0,2.0,4.0,52.0,26.0,0.19,259.0,245.0,304.0,1.0
ReduceSinkMapJoinProc.java,101.0,8.0,76.0,17.0,14.0,14.0,15.0,6.0,108.0,108.0,0.0,1.0,2.0,1.0,3.0,3.0,1.0,0.0,3.0,7.0,0.0,0.0,0.0,3.0,64.0,386.0,35.0,274.0,102.0,175.0,77.0,153.0,8142375.0,164.0,211.0,96.0,144.0,2.0,33.0,33.0,35.0,1.0,4.0,0.0,0.0,0.28,42.0,42.0,46.0,1.0
RemoteSparkJobMonitor.java,51.0,5.0,44.0,2.0,8.0,6.0,8.0,1.0,11.0,11.0,0.0,1.0,0.0,0.0,2.0,2.0,2.0,1.0,2.0,6.0,0.0,0.0,0.0,2.0,25.0,140.0,17.0,99.0,25.0,73.0,24.0,21.0,75.0,61.0,75.0,25.0,58.0,15.0,15.0,11.0,15.0,2.0,6.0,0.0,0.0,0.24,16.0,12.0,16.0,0.0
RolePrincipalGrant.java,12.0,1.0,11.0,1.0,3.0,3.0,4.0,11.0,52.0,52.0,0.0,6.0,3.0,13.0,68.0,66.0,65.0,17.0,68.0,60.0,1.0,2.0,0.0,65.0,255.0,1035.0,117.0,862.0,179.0,555.0,77.0,210.0,19627.0,409.0,607.0,154.0,484.0,1.0,23.0,23.0,47.0,2.0,3.0,0.0,0.0,0.09,221.0,191.0,250.0,0.0
SamplingOptimizer.java,30.0,1.0,29.0,1.0,6.0,6.0,13.0,2.0,12.0,12.0,0.0,1.0,0.0,0.0,1.0,1.0,1.0,0.0,1.0,1.0,0.0,0.0,0.0,1.0,3.0,69.0,5.0,42.0,19.0,21.0,23.0,22.0,17.0,24.0,32.0,19.0,18.0,6.0,6.0,6.0,13.0,1.0,2.0,0.0,0.0,0.55,6.0,6.0,13.0,0.0
SemanticAnalyzer.java,43.0,4.0,32.0,7.0,6.0,6.0,7.0,49.0,1124.0,1124.0,24.0,8.0,27.0,6.0,270.0,270.0,243.0,54.0,270.0,2032.0,38.0,168.0,13.0,51.0,4864.0,12281.0,1322.0,8975.0,2743.0,6623.0,2024.0,6678.0,147118537.0,4721.0,6329.0,2460.0,5263.0,2.0,62.0,57.0,75.0,3.0,8.0,33.0,33.0,0.23,1658.0,1550.0,1932.0,1.0
SemanticAnalyzerFactory.java,37.0,2.0,35.0,1.0,23.0,3.0,23.0,2.0,35.0,35.0,0.0,1.0,3.0,2.0,4.0,4.0,1.0,0.0,4.0,7.0,1.0,2.0,0.0,1.0,109.0,306.0,16.0,267.0,22.0,237.0,23.0,34.0,22.0,129.0,139.0,17.0,128.0,1.0,89.0,7.0,89.0,1.0,3.0,31.5,31.5,0.09,93.0,11.0,93.0,0.0
SerializationUtils.java,17.0,0.0,15.0,1.0,3.0,3.0,4.0,2.0,18.0,18.0,0.0,2.0,2.0,1.0,70.0,68.0,68.0,34.0,70.0,74.0,1.0,43.0,0.0,26.0,370.0,1297.0,103.0,1073.0,202.0,808.0,121.0,191.0,307.0,635.0,809.0,180.0,639.0,1.0,18.0,11.0,21.0,1.0,3.0,42.0,34.0,0.11,225.0,177.0,258.0,0.0
Server.java,22.0,1.0,16.0,5.0,2.0,2.0,2.0,88.0,727.0,727.0,3.0,1.0,4.0,9.0,49.0,49.0,45.0,4.0,49.0,506.0,0.0,7.0,0.0,42.0,1391.0,1211.0,102.0,830.0,429.0,377.0,280.0,1502.0,1999.0,356.0,445.0,158.0,346.0,1.0,15.0,14.0,21.0,5.0,3.0,0.0,0.0,0.34,89.0,88.0,104.0,0.0
Service.java,0.0,0.0,0.0,0.0,0.0,0.0,0.0,637.0,3830.0,3830.0,25.0,2.0,0.0,0.0,2.0,9.0,11.0,4.0,11.0,2541.0,9.0,0.0,0.0,2.0,6366.0,122.0,18.0,19.0,17.0,0.0,85.0,6963.0,238884521.0,11.0,13.0,13.0,0.0,1.0,0.0,0.0,0.0,4.0,0.0,0.0,0.0,4.47,0.0,0.0,0.0,0.0
SessionState.java,9.0,0.0,7.0,1.0,2.0,2.0,2.0,22.0,270.0,270.0,3.0,8.0,29.0,7.0,147.0,143.0,118.0,59.0,147.0,502.0,3.0,15.0,2.0,127.0,1628.0,1749.0,245.0,1196.0,393.0,648.0,309.0,823.0,999.0,580.0,852.0,379.0,562.0,1.0,17.0,17.0,18.0,3.0,5.0,50.0,25.0,0.26,279.0,279.0,302.0,1.0
SetSparkReducerParallelism.java,63.0,6.0,54.0,3.0,12.0,12.0,16.0,2.0,31.0,31.0,0.0,1.0,0.0,1.0,2.0,2.0,2.0,1.0,2.0,2.0,0.0,1.0,0.0,1.0,17.0,187.0,21.0,137.0,51.0,82.0,29.0,49.0,250.0,74.0,97.0,47.0,61.0,11.5,17.0,17.0,20.0,1.0,6.0,50.0,50.0,0.21,23.0,23.0,32.0,0.0
ShowCompactResponseElement.java,14.0,1.0,13.0,1.0,4.0,3.0,5.0,11.0,52.0,52.0,0.0,6.0,3.0,20.0,93.0,91.0,90.0,27.0,93.0,85.0,1.0,2.0,0.0,90.0,456.0,1542.0,168.0,1325.0,233.0,892.0,85.0,321.0,10925798.0,623.0,935.0,206.0,786.0,1.0,38.0,38.0,86.0,2.0,3.0,0.0,0.0,0.06,360.0,305.0,420.0,0.0
ShowLocksResponse.java,8.0,0.0,7.0,0.0,2.0,2.0,2.0,22.0,110.0,110.0,0.0,6.0,3.0,5.0,41.0,39.0,38.0,4.0,41.0,138.0,1.0,2.0,0.0,38.0,672.0,449.0,66.0,358.0,112.0,173.0,28.0,515.0,187401181.0,160.0,246.0,104.0,158.0,1.0,6.0,6.0,9.0,2.0,4.0,0.0,0.0,0.08,78.0,78.0,83.0,0.0
ShowLocksResponseElement.java,14.0,1.0,13.0,1.0,4.0,3.0,5.0,11.0,56.0,56.0,0.0,6.0,3.0,29.0,113.0,111.0,110.0,35.0,113.0,105.0,1.0,2.0,0.0,110.0,580.0,1929.0,207.0,1657.0,285.0,1145.0,113.0,420.0,187401105.0,809.0,1185.0,251.0,1001.0,1.0,50.0,50.0,110.0,2.0,3.0,0.0,0.0,0.07,444.0,369.0,518.0,0.0
ShuffleHandler.java,16.0,1.0,14.0,2.0,2.0,2.0,3.0,14.0,142.0,142.0,0.0,11.0,8.0,36.0,48.0,48.0,40.0,40.0,48.0,48.0,3.0,7.0,9.0,29.0,252.0,1077.0,115.0,853.0,360.0,488.0,113.0,214.0,290.0,458.0,582.0,306.0,346.0,2.0,17.0,17.0,23.0,2.0,4.0,0.0,0.0,0.13,115.0,115.0,127.0,1.0
SignedInt128.java,13.0,0.0,6.0,7.0,2.0,2.0,2.0,3.0,14.0,14.0,0.0,1.0,13.0,3.0,75.0,75.0,62.0,2.0,75.0,93.0,0.0,0.0,0.0,75.0,301.0,1074.0,87.0,447.0,110.0,242.0,541.0,297.0,137.0,187.0,295.0,91.0,211.0,1.0,5.0,5.0,5.0,2.0,2.0,47.5,32.0,1.21,124.0,124.0,142.0,0.0
Stage.java,13.0,0.0,12.0,1.0,3.0,3.0,4.0,24.0,140.0,140.0,3.0,6.0,3.0,13.0,75.0,73.0,72.0,17.0,75.0,121.0,1.0,2.0,0.0,72.0,472.0,1181.0,124.0,1013.0,205.0,630.0,65.0,478.0,59181.0,485.0,713.0,193.0,560.0,1.0,23.0,23.0,47.0,2.0,4.0,0.0,0.0,0.06,248.0,218.0,277.0,1.0
Stat.java,5.0,0.0,5.0,0.0,1.0,1.0,1.0,731.0,5058.0,5058.0,34.0,1.0,0.0,0.0,7.0,7.0,7.0,2.0,7.0,6066.0,0.0,0.0,0.0,7.0,19133.0,79.0,15.0,44.0,18.0,18.0,20.0,19313.0,664755.0,21.0,32.0,18.0,17.0,1.0,2.0,2.0,2.0,4.0,1.0,0.0,0.0,0.45,10.0,10.0,10.0,0.0
StatObjectConverter.java,50.0,1.0,49.0,0.0,14.0,14.0,18.0,1.0,26.0,26.0,0.0,1.0,12.0,0.0,12.0,12.0,0.0,0.0,12.0,12.0,0.0,2.0,0.0,10.0,63.0,662.0,22.0,614.0,132.0,483.0,26.0,484.0,8350.0,324.0,443.0,113.0,403.0,13.5,35.0,35.0,43.0,1.0,3.0,0.0,0.0,0.04,170.0,170.0,212.0,0.0
StatsOptimizer.java,30.0,1.0,27.0,2.0,6.0,6.0,7.0,11.0,102.0,102.0,0.0,12.0,0.0,1.0,21.0,17.0,23.0,14.0,23.0,37.0,8.0,6.0,0.0,9.0,61.0,768.0,43.0,660.0,222.0,446.0,75.0,176.0,5111.0,349.0,480.0,205.0,366.0,1.5,90.0,84.0,95.0,2.0,7.0,0.0,0.0,0.11,129.0,119.0,140.0,1.0
StatsRulesProcFactory.java,43.0,5.0,31.0,7.0,7.0,7.0,8.0,17.0,209.0,209.0,7.0,9.0,11.0,2.0,37.0,37.0,26.0,0.0,37.0,51.0,3.0,18.0,0.0,16.0,183.0,1894.0,233.0,1242.0,417.0,843.0,419.0,447.0,112740.0,629.0,927.0,407.0,695.0,7.0,40.0,40.0,44.0,2.0,7.0,0.0,0.0,0.34,266.0,266.0,290.0,1.0
StatsUtils.java,27.0,2.0,20.0,5.0,5.0,5.0,7.0,2.0,110.0,110.0,0.0,1.0,51.0,1.0,51.0,51.0,0.0,0.0,51.0,52.0,0.0,15.0,0.0,36.0,355.0,1561.0,142.0,1122.0,333.0,773.0,297.0,449.0,1763.0,573.0,838.0,333.0,619.0,3.0,19.0,19.0,25.0,1.0,4.0,0.0,0.0,0.26,259.0,255.0,339.0,1.0
Stmt.java,20.0,0.0,17.0,3.0,4.0,4.0,4.0,1.0,67.0,67.0,0.0,1.0,0.0,0.0,53.0,53.0,53.0,5.0,53.0,53.0,11.0,0.0,0.0,42.0,387.0,1138.0,59.0,916.0,176.0,631.0,167.0,527.0,809.0,503.0,703.0,190.0,602.0,2.0,16.0,16.0,18.0,1.0,7.0,76.0,70.0,0.18,199.0,199.0,215.0,0.0
StorageDescriptor.java,14.0,1.0,14.0,1.0,4.0,3.0,4.0,48.0,454.0,454.0,1.0,6.0,3.0,20.0,104.0,102.0,101.0,27.0,104.0,821.0,1.0,2.0,0.0,101.0,3005.0,1748.0,173.0,1538.0,272.0,999.0,73.0,2764.0,87095619.0,731.0,1084.0,257.0,890.0,1.0,38.0,38.0,82.0,2.0,4.0,61.0,50.5,0.05,398.0,343.0,452.0,0.0
StringGroupConcatColCol.java,31.0,2.0,26.0,4.0,8.0,8.0,9.0,1.0,11.0,11.0,0.0,1.0,2.0,1.0,13.0,13.0,11.0,3.0,13.0,24.0,0.0,2.0,0.0,11.0,40.0,455.0,40.0,344.0,54.0,226.0,73.0,24.0,333.0,167.0,269.0,75.0,194.0,1.0,84.0,84.0,100.0,2.0,5.0,69.0,69.0,0.21,101.0,101.0,119.0,0.0
SubQueryUtils.java,12.0,1.0,11.0,0.0,2.0,2.0,2.0,2.0,31.0,31.0,0.0,3.0,35.0,1.0,39.0,45.0,10.0,2.0,45.0,39.0,37.0,2.0,0.0,6.0,211.0,665.0,79.0,472.0,178.0,306.0,115.0,180.0,96.0,244.0,337.0,152.0,261.0,1.0,12.0,12.0,12.0,1.0,3.0,6.5,6.5,0.24,89.0,89.0,96.0,1.0
TCLIService.java,7.0,0.0,7.0,0.0,2.0,2.0,2.0,507.0,2507.0,2507.0,1.0,313.0,116.0,192.0,1800.0,1762.0,1722.0,173.0,1838.0,1496.0,38.0,78.0,40.0,1682.0,3552.0,16422.0,2644.0,13050.0,3589.0,6951.0,842.0,4019.0,2912.0,5402.0,8750.0,3207.0,6210.0,1.0,5.0,5.0,9.0,2.0,3.0,0.0,0.0,0.06,3016.0,3016.0,3206.0,0.0
TGetColumnsReq.java,11.0,0.0,10.0,1.0,3.0,3.0,4.0,11.0,50.0,50.0,0.0,6.0,3.0,10.0,58.0,56.0,55.0,12.0,58.0,50.0,1.0,2.0,0.0,55.0,205.0,822.0,100.0,693.0,149.0,427.0,44.0,166.0,2017.0,312.0,481.0,132.0,378.0,1.0,17.0,17.0,37.0,2.0,3.0,0.0,0.0,0.06,182.0,162.0,207.0,0.0
TGetTablesReq.java,11.0,0.0,11.0,1.0,3.0,3.0,4.0,11.0,58.0,58.0,0.0,6.0,3.0,10.0,61.0,59.0,58.0,12.0,61.0,53.0,1.0,2.0,0.0,58.0,209.0,871.0,103.0,739.0,157.0,448.0,44.0,182.0,2213.0,333.0,512.0,144.0,400.0,1.0,17.0,17.0,37.0,2.0,4.0,0.0,0.0,0.06,192.0,172.0,217.0,0.0
TStatus.java,11.0,0.0,11.0,1.0,3.0,3.0,3.0,11.0,60.0,60.0,0.0,6.0,3.0,11.0,61.0,59.0,58.0,13.0,61.0,53.0,1.0,2.0,0.0,58.0,369.0,875.0,103.0,730.0,159.0,444.0,57.0,225.0,1650.0,335.0,509.0,146.0,395.0,1.0,17.0,17.0,37.0,2.0,4.0,0.0,0.0,0.08,187.0,167.0,212.0,0.0
Table.java,15.0,1.0,14.0,1.0,4.0,3.0,5.0,453.0,3492.0,3492.0,44.0,6.0,3.0,23.0,108.0,106.0,105.0,31.0,108.0,3825.0,1.0,2.0,0.0,105.0,17364.0,1849.0,187.0,1623.0,281.0,1087.0,81.0,18243.0,1621957545.0,777.0,1148.0,253.0,957.0,1.0,44.0,44.0,94.0,4.0,4.0,24.0,17.0,0.05,427.0,362.0,488.0,0.0
Table.java,7.0,0.0,6.0,1.0,2.0,2.0,2.0,453.0,3492.0,3492.0,44.0,2.0,6.0,2.0,106.0,106.0,100.0,7.0,106.0,3825.0,0.0,4.0,1.0,101.0,17364.0,973.0,129.0,716.0,218.0,363.0,130.0,18243.0,1621957545.0,312.0,499.0,211.0,320.0,1.0,10.0,10.0,12.0,4.0,4.0,24.0,17.0,0.18,184.0,184.0,193.0,0.0
TableScanDesc.java,4.0,0.0,3.0,0.0,1.0,1.0,1.0,1.0,18.0,18.0,0.0,1.0,0.0,4.0,53.0,53.0,53.0,21.0,53.0,64.0,0.0,0.0,0.0,53.0,205.0,347.0,77.0,228.0,107.0,74.0,43.0,61.0,52.0,103.0,160.0,95.0,68.0,1.0,4.0,4.0,4.0,2.0,2.0,95.0,94.0,0.19,57.0,57.0,58.0,1.0
Task.java,14.0,0.0,13.0,1.0,4.0,3.0,4.0,238.0,2931.0,2931.0,48.0,6.0,3.0,15.0,80.0,78.0,77.0,19.0,80.0,2981.0,1.0,2.0,0.0,77.0,6578.0,1295.0,133.0,1117.0,216.0,705.0,69.0,9295.0,1144497986.0,531.0,786.0,204.0,626.0,1.0,26.0,26.0,54.0,3.0,4.0,0.0,0.0,0.06,280.0,245.0,314.0,1.0
Task.java,5.0,0.0,4.0,1.0,1.0,1.0,1.0,238.0,2931.0,2931.0,48.0,2.0,0.0,11.0,72.0,72.0,74.0,27.0,74.0,2981.0,1.0,1.0,5.0,67.0,6578.0,561.0,96.0,381.0,148.0,155.0,85.0,9295.0,1144497986.0,173.0,278.0,147.0,138.0,1.0,5.0,5.0,5.0,3.0,3.0,0.0,0.0,0.22,100.0,100.0,104.0,1.0
Test.java,4.0,0.0,4.0,0.0,1.0,1.0,1.0,1354.0,16314.0,16314.0,101.0,1.0,0.0,0.0,18.0,18.0,18.0,8.0,18.0,10326.0,18.0,0.0,0.0,0.0,26394.0,117.0,4.0,92.0,36.0,35.0,21.0,52278.0,133150602.0,42.0,65.0,35.0,30.0,1.0,5.0,5.0,5.0,5.0,2.0,0.0,0.0,0.23,22.0,22.0,22.0,0.0
TestBinarySortableFast.java,99.0,13.0,81.0,5.0,13.0,13.0,16.0,1.0,26.0,26.0,0.0,1.0,0.0,0.0,2.0,2.0,2.0,0.0,2.0,2.0,0.0,1.0,0.0,1.0,18.0,244.0,32.0,185.0,81.0,129.0,27.0,45.0,5297.0,144.0,169.0,87.0,115.0,13.0,22.0,22.0,27.0,2.0,5.0,0.0,0.0,0.15,26.0,26.0,31.0,0.0
TestConvertAstToSearchArg.java,134.0,3.0,130.0,2.0,1.0,1.0,1.0,1.0,25.0,25.0,0.0,1.0,2.0,0.0,21.0,21.0,19.0,0.0,21.0,21.0,0.0,3.0,0.0,18.0,81.0,2883.0,90.0,2743.0,201.0,2614.0,70.0,258.0,27.0,362.0,390.0,130.0,323.0,1.0,4.0,4.0,5.0,1.0,2.0,0.0,0.0,0.03,25.0,25.0,26.0,1.0
TestHBaseSerDe.java,30.0,6.0,22.0,2.0,2.0,2.0,2.0,2.0,60.0,60.0,0.0,2.0,0.0,6.0,52.0,52.0,52.0,5.0,52.0,52.0,1.0,33.0,0.0,18.0,221.0,1762.0,387.0,1263.0,546.0,1021.0,115.0,420.0,87.0,846.0,930.0,464.0,773.0,1.0,6.0,6.0,6.0,2.0,3.0,6.5,6.5,0.09,81.0,81.0,81.0,0.0
TestHBaseStore.java,26.0,1.0,22.0,3.0,1.0,1.0,1.0,3.0,146.0,146.0,0.0,1.0,9.0,39.0,44.0,44.0,35.0,4.0,44.0,97.0,0.0,11.0,0.0,33.0,419.0,1328.0,94.0,1065.0,516.0,882.0,174.0,1687.0,298.0,896.0,950.0,449.0,778.0,1.0,3.0,3.0,3.0,2.0,2.0,86.0,82.0,0.16,49.0,49.0,49.0,0.0
TestHBaseStoreIntegration.java,43.0,5.0,37.0,1.0,2.0,2.0,3.0,1.0,55.0,55.0,0.0,1.0,2.0,1.0,39.0,39.0,37.0,1.0,39.0,44.0,0.0,4.0,0.0,35.0,154.0,1801.0,242.0,1505.0,536.0,1285.0,67.0,693.0,234.0,1225.0,1341.0,469.0,1111.0,2.0,11.0,11.0,15.0,2.0,3.0,90.0,90.0,0.04,95.0,91.0,102.0,0.0
TestHCatClient.java,41.0,5.0,32.0,4.0,2.0,2.0,2.0,13.0,131.0,131.0,0.0,5.0,5.0,8.0,32.0,32.0,27.0,2.0,32.0,45.0,0.0,2.0,0.0,30.0,230.0,1370.0,197.0,1050.0,378.0,843.0,140.0,744.0,226.0,708.0,795.0,323.0,638.0,2.0,8.0,8.0,8.0,2.0,3.0,0.0,0.0,0.13,76.0,76.0,76.0,1.0
TestHiveAccumuloTypes.java,355.0,67.0,261.0,29.0,2.0,2.0,2.0,1.0,92.0,92.0,0.0,1.0,0.0,0.0,2.0,2.0,2.0,1.0,2.0,2.0,0.0,0.0,0.0,2.0,59.0,826.0,140.0,612.0,282.0,514.0,76.0,146.0,4.0,500.0,507.0,234.0,395.0,2.0,2.0,2.0,2.0,1.0,1.0,0.0,0.0,0.12,4.0,4.0,4.0,0.0
TestHiveChar.java,28.0,3.0,23.0,1.0,1.0,1.0,1.0,2.0,17.0,17.0,0.0,1.0,0.0,0.0,3.0,3.0,3.0,2.0,3.0,9.0,0.0,0.0,0.0,3.0,18.0,116.0,17.0,78.0,24.0,56.0,21.0,58.0,9.0,61.0,65.0,15.0,56.0,1.0,1.0,1.0,1.0,1.0,0.0,100.0,100.0,0.27,3.0,3.0,3.0,0.0
TestHiveCharWritable.java,20.0,3.0,17.0,1.0,1.0,1.0,1.0,1.0,10.0,10.0,0.0,1.0,0.0,0.0,6.0,6.0,6.0,2.0,6.0,6.0,0.0,0.0,0.0,6.0,12.0,157.0,25.0,109.0,43.0,71.0,23.0,39.0,6.0,77.0,84.0,25.0,71.0,1.0,1.0,1.0,1.0,1.0,0.0,100.0,100.0,0.21,6.0,6.0,6.0,0.0
TestHiveDecimal.java,14.0,1.0,13.0,0.0,1.0,1.0,1.0,3.0,37.0,37.0,0.0,1.0,0.0,0.0,12.0,12.0,12.0,2.0,12.0,29.0,0.0,1.0,0.0,11.0,59.0,216.0,33.0,165.0,82.0,99.0,19.0,156.0,36.0,102.0,117.0,49.0,91.0,1.0,3.0,3.0,3.0,1.0,2.0,100.0,100.0,0.12,14.0,14.0,14.0,1.0
TestHiveDecimalWritable.java,40.0,5.0,34.0,1.0,2.0,2.0,2.0,1.0,14.0,14.0,0.0,1.0,0.0,0.0,5.0,5.0,5.0,2.0,5.0,5.0,1.0,1.0,0.0,3.0,17.0,250.0,38.0,187.0,53.0,151.0,25.0,42.0,9.0,140.0,152.0,45.0,126.0,2.0,3.0,3.0,3.0,1.0,2.0,100.0,100.0,0.13,9.0,9.0,10.0,0.0
TestHiveFileFormatUtils.java,100.0,18.0,78.0,22.0,3.0,3.0,3.0,1.0,8.0,8.0,0.0,1.0,0.0,0.0,1.0,1.0,1.0,0.0,1.0,1.0,0.0,0.0,0.0,1.0,0.0,133.0,25.0,87.0,16.0,74.0,39.0,7.0,4.0,46.0,50.0,16.0,39.0,3.0,3.0,3.0,3.0,2.0,1.0,0.0,0.0,0.45,3.0,3.0,3.0,0.0
TestHiveIntervalDayTime.java,30.0,3.0,26.0,1.0,1.0,1.0,1.0,2.0,24.0,24.0,0.0,1.0,0.0,0.0,5.0,5.0,5.0,2.0,5.0,9.0,0.0,0.0,0.0,5.0,18.0,183.0,22.0,138.0,45.0,102.0,23.0,66.0,11.0,90.0,99.0,26.0,85.0,1.0,3.0,3.0,3.0,1.0,2.0,100.0,100.0,0.17,7.0,7.0,7.0,0.0
TestHiveIntervalDayTimeWritable.java,25.0,3.0,21.0,0.0,1.0,1.0,1.0,1.0,14.0,14.0,0.0,1.0,0.0,0.0,4.0,4.0,4.0,2.0,4.0,4.0,0.0,0.0,0.0,4.0,8.0,141.0,23.0,100.0,45.0,67.0,18.0,30.0,4.0,65.0,70.0,30.0,54.0,1.0,1.0,1.0,1.0,1.0,0.0,100.0,100.0,0.18,4.0,4.0,4.0,0.0
TestHiveIntervalYearMonth.java,20.0,2.0,17.0,1.0,1.0,1.0,1.0,2.0,24.0,24.0,0.0,1.0,0.0,0.0,5.0,5.0,5.0,2.0,5.0,9.0,0.0,0.0,0.0,5.0,18.0,136.0,18.0,96.0,43.0,60.0,22.0,57.0,11.0,59.0,68.0,25.0,54.0,1.0,3.0,3.0,3.0,1.0,2.0,100.0,100.0,0.23,7.0,7.0,7.0,0.0
TestHiveIntervalYearMonthWritable.java,20.0,3.0,17.0,0.0,1.0,1.0,1.0,1.0,14.0,14.0,0.0,1.0,0.0,0.0,4.0,4.0,4.0,2.0,4.0,4.0,0.0,0.0,0.0,4.0,8.0,122.0,20.0,84.0,45.0,51.0,18.0,31.0,4.0,56.0,61.0,30.0,45.0,1.0,1.0,1.0,1.0,1.0,0.0,100.0,100.0,0.21,4.0,4.0,4.0,0.0
TestHiveMetaStore.java,52.0,8.0,41.0,4.0,3.0,3.0,3.0,12.0,224.0,224.0,2.0,3.0,6.0,7.0,57.0,57.0,51.0,0.0,57.0,95.0,0.0,20.0,1.0,36.0,539.0,3101.0,500.0,2385.0,545.0,2065.0,227.0,1536.0,15130.0,1800.0,1987.0,528.0,1720.0,2.0,15.0,15.0,16.0,2.0,3.0,45.5,41.0,0.1,168.0,168.0,171.0,1.0
TestHiveVarcharWritable.java,23.0,4.0,18.0,2.0,1.0,1.0,1.0,1.0,15.0,15.0,0.0,1.0,0.0,0.0,4.0,4.0,4.0,2.0,4.0,4.0,0.0,0.0,0.0,4.0,8.0,128.0,22.0,82.0,33.0,53.0,24.0,31.0,4.0,60.0,65.0,21.0,53.0,1.0,1.0,1.0,1.0,1.0,0.0,100.0,100.0,0.29,4.0,4.0,4.0,0.0
TestInputOutputFormat.java,18.0,0.0,17.0,1.0,2.0,2.0,2.0,20.0,239.0,239.0,0.0,14.0,7.0,5.0,97.0,97.0,90.0,40.0,97.0,103.0,13.0,4.0,0.0,80.0,315.0,2081.0,152.0,1833.0,643.0,1265.0,150.0,588.0,229.0,1090.0,1288.0,531.0,949.0,1.0,12.0,7.0,12.0,2.0,5.0,53.0,53.0,0.08,173.0,163.0,174.0,1.0
TestJdbcDriver2.java,25.0,2.0,20.0,3.0,2.0,2.0,2.0,10.0,153.0,153.0,0.0,5.0,3.0,20.0,93.0,93.0,90.0,5.0,93.0,192.0,0.0,18.0,0.0,75.0,623.0,2599.0,336.0,1943.0,503.0,1513.0,383.0,1368.0,476.0,1286.0,1474.0,413.0,1234.0,1.0,9.0,9.0,9.0,2.0,3.0,0.0,0.0,0.2,177.0,176.0,179.0,1.0
TestLazyHBaseObject.java,131.0,23.0,103.0,6.0,6.0,3.0,6.0,1.0,35.0,35.0,0.0,1.0,0.0,0.0,6.0,6.0,6.0,0.0,6.0,6.0,0.0,0.0,0.0,6.0,22.0,851.0,147.0,649.0,142.0,580.0,55.0,92.0,675.0,422.0,444.0,128.0,392.0,2.5,23.0,8.0,24.0,2.0,2.0,0.0,0.0,0.08,34.0,19.0,37.0,0.0
TestMapColumnVector.java,95.0,5.0,84.0,6.0,7.0,7.0,9.0,1.0,9.0,9.0,0.0,1.0,0.0,0.0,2.0,2.0,2.0,0.0,2.0,2.0,0.0,0.0,0.0,2.0,14.0,224.0,17.0,176.0,24.0,151.0,31.0,39.0,770.0,151.0,165.0,32.0,145.0,6.5,11.0,11.0,15.0,1.0,2.0,0.0,0.0,0.18,13.0,13.0,17.0,0.0
TestNewIntegerEncoding.java,32.0,3.0,30.0,0.0,3.0,3.0,3.0,3.0,44.0,44.0,0.0,3.0,1.0,0.0,38.0,38.0,37.0,9.0,38.0,38.0,0.0,0.0,0.0,38.0,237.0,1342.0,147.0,1178.0,442.0,885.0,17.0,706.0,177.0,567.0,747.0,371.0,552.0,3.0,4.0,4.0,4.0,1.0,1.0,0.0,0.0,0.01,113.0,113.0,113.0,0.0
TestObjectInspectorConverters.java,117.0,16.0,95.0,7.0,2.0,2.0,2.0,1.0,28.0,28.0,0.0,1.0,0.0,0.0,2.0,2.0,2.0,0.0,2.0,2.0,0.0,0.0,0.0,2.0,14.0,282.0,38.0,210.0,75.0,180.0,35.0,18.0,3.0,128.0,132.0,57.0,110.0,1.5,2.0,2.0,2.0,2.0,1.0,0.0,0.0,0.17,3.0,3.0,3.0,0.0
TestOrcFile.java,45.0,1.0,42.0,1.0,3.0,3.0,3.0,6.0,139.0,139.0,0.0,6.0,6.0,0.0,41.0,41.0,35.0,29.0,41.0,50.0,5.0,8.0,0.0,28.0,207.0,2041.0,117.0,1856.0,538.0,1499.0,72.0,685.0,1066.0,1160.0,1320.0,455.0,1048.0,2.0,11.0,11.0,14.0,2.0,3.0,0.0,0.0,0.04,125.0,125.0,132.0,1.0
TestOrcRawRecordMerger.java,33.0,3.0,29.0,1.0,2.0,2.0,2.0,5.0,80.0,80.0,0.0,5.0,9.0,1.0,33.0,33.0,24.0,12.0,33.0,51.0,10.0,9.0,0.0,14.0,130.0,1199.0,136.0,995.0,296.0,795.0,68.0,400.0,214.0,752.0,825.0,270.0,686.0,1.0,8.0,8.0,8.0,2.0,2.0,57.0,57.0,0.07,64.0,64.0,64.0,1.0
TestRecordReaderImpl.java,21.0,1.0,19.0,1.0,1.0,1.0,1.0,4.0,73.0,73.0,0.0,2.0,11.0,0.0,71.0,71.0,60.0,4.0,71.0,71.0,1.0,11.0,0.0,59.0,342.0,1626.0,175.0,1404.0,355.0,1124.0,89.0,527.0,99.0,691.0,792.0,264.0,650.0,1.0,3.0,3.0,3.0,2.0,2.0,75.0,62.0,0.06,99.0,99.0,99.0,1.0
TestSchemaReEncoder.java,82.0,5.0,75.0,2.0,1.0,1.0,1.0,1.0,9.0,9.0,0.0,1.0,0.0,0.0,1.0,1.0,1.0,0.0,1.0,1.0,0.0,0.0,0.0,1.0,0.0,113.0,9.0,85.0,26.0,72.0,19.0,9.0,1.0,30.0,32.0,21.0,18.0,1.0,1.0,1.0,1.0,1.0,0.0,0.0,0.0,0.22,1.0,1.0,1.0,0.0
TestStreaming.java,26.0,3.0,22.0,2.0,3.0,3.0,3.0,17.0,200.0,200.0,0.0,6.0,14.0,16.0,68.0,68.0,54.0,18.0,68.0,132.0,3.0,24.0,0.0,41.0,518.0,2029.0,303.0,1598.0,530.0,1227.0,160.0,748.0,389.0,1092.0,1284.0,497.0,1037.0,1.0,10.0,10.0,15.0,2.0,3.0,0.0,0.0,0.1,175.0,175.0,185.0,1.0
TestTxnHandler.java,21.0,1.0,20.0,1.0,2.0,2.0,2.0,4.0,79.0,79.0,0.0,3.0,0.0,2.0,56.0,56.0,56.0,2.0,56.0,57.0,0.0,3.0,0.0,53.0,220.0,1278.0,110.0,1114.0,368.0,864.0,54.0,556.0,112.0,869.0,966.0,328.0,833.0,1.0,7.0,7.0,12.0,2.0,3.0,0.0,0.0,0.05,89.0,89.0,94.0,1.0
TestUnionStructObjectInspector.java,85.0,7.0,75.0,3.0,6.0,6.0,6.0,1.0,13.0,13.0,0.0,1.0,0.0,0.0,1.0,1.0,1.0,0.0,1.0,1.0,0.0,0.0,0.0,1.0,7.0,121.0,13.0,84.0,26.0,68.0,24.0,17.0,13.0,58.0,65.0,25.0,53.0,6.0,6.0,6.0,6.0,2.0,3.0,0.0,0.0,0.29,6.0,6.0,6.0,0.0
TestVectorFilterExpressions.java,38.0,6.0,29.0,4.0,1.0,1.0,1.0,1.0,37.0,37.0,0.0,1.0,0.0,3.0,25.0,25.0,25.0,0.0,25.0,25.0,0.0,3.0,0.0,22.0,102.0,1053.0,172.0,763.0,225.0,649.0,126.0,195.0,25.0,655.0,681.0,174.0,580.0,1.0,1.0,1.0,1.0,1.0,0.0,88.0,88.0,0.17,25.0,25.0,25.0,0.0
TestVectorGroupByOperator.java,15.0,1.0,14.0,0.0,1.0,1.0,1.0,23.0,139.0,139.0,4.0,16.0,7.0,1.0,167.0,169.0,162.0,18.0,169.0,176.0,6.0,12.0,0.0,151.0,406.0,2562.0,328.0,2205.0,689.0,1554.0,31.0,645.0,224.0,668.0,907.0,465.0,593.0,1.0,12.0,12.0,12.0,2.0,3.0,0.0,0.0,0.01,220.0,220.0,220.0,1.0
TestVectorOrcFile.java,45.0,1.0,42.0,2.0,4.0,4.0,4.0,5.0,149.0,149.0,0.0,5.0,17.0,0.0,57.0,57.0,40.0,26.0,57.0,66.0,5.0,20.0,0.0,32.0,305.0,2760.0,147.0,2503.0,643.0,2071.0,112.0,995.0,8559.0,1557.0,1800.0,547.0,1494.0,3.0,17.0,17.0,17.0,2.0,3.0,0.0,0.0,0.04,226.0,226.0,240.0,1.0
TestVectorStringExpressions.java,82.0,11.0,66.0,6.0,1.0,1.0,1.0,1.0,67.0,67.0,0.0,1.0,11.0,20.0,64.0,64.0,53.0,0.0,64.0,64.0,14.0,5.0,0.0,45.0,477.0,5422.0,760.0,4312.0,535.0,4027.0,435.0,428.0,80.0,3907.0,3980.0,470.0,3702.0,1.0,4.0,4.0,4.0,1.0,1.0,87.0,82.0,0.1,72.0,72.0,74.0,0.0
TestVectorizationContext.java,47.0,7.0,36.0,3.0,2.0,2.0,2.0,1.0,132.0,132.0,0.0,1.0,0.0,0.0,30.0,30.0,30.0,0.0,30.0,30.0,0.0,0.0,0.0,30.0,87.0,1586.0,253.0,1220.0,497.0,984.0,119.0,302.0,30.0,1109.0,1140.0,448.0,971.0,1.0,4.0,4.0,4.0,1.0,0.0,0.0,0.0,0.1,48.0,48.0,51.0,1.0
TestWorker.java,33.0,5.0,26.0,2.0,3.0,3.0,3.0,2.0,48.0,48.0,1.0,1.0,0.0,2.0,27.0,27.0,27.0,0.0,27.0,116.0,1.0,1.0,0.0,25.0,96.0,965.0,158.0,733.0,240.0,592.0,74.0,475.0,421.0,577.0,650.0,226.0,569.0,2.0,18.0,17.0,18.0,3.0,3.0,0.0,0.0,0.1,71.0,70.0,79.0,0.0
ThriftHive.java,7.0,0.0,7.0,0.0,2.0,2.0,2.0,3664.0,19852.0,19852.0,6.0,153.0,56.0,92.0,853.0,835.0,815.0,75.0,871.0,13513.0,18.0,38.0,20.0,795.0,37901.0,7784.0,1245.0,6199.0,1712.0,3265.0,391.0,39621.0,135420.0,2544.0,4144.0,1532.0,2912.0,1.0,8.0,8.0,16.0,3.0,4.0,0.0,0.0,0.06,1433.0,1438.0,1515.0,0.0
ThriftHiveMetastore.java,9.0,0.0,9.0,0.0,2.0,2.0,2.0,3418.0,18678.0,18678.0,6.0,2105.0,788.0,1735.0,14367.0,14105.0,13841.0,2133.0,14629.0,12271.0,262.0,526.0,264.0,13577.0,36342.0,157725.0,21662.0,130579.0,29636.0,77321.0,7398.0,37790.0,133846.0,57000.0,89109.0,26507.0,68711.0,1.0,23.0,23.0,49.0,2.0,4.0,0.0,0.0,0.06,31859.0,29979.0,34908.0,1.0
TreeReaderFactory.java,11.0,0.0,10.0,1.0,2.0,2.0,3.0,67.0,739.0,739.0,35.0,24.0,5.0,1.0,186.0,187.0,182.0,56.0,187.0,932.0,110.0,5.0,23.0,49.0,1227.0,2516.0,278.0,2082.0,664.0,1126.0,159.0,974.0,1102.0,926.0,1354.0,492.0,922.0,1.0,23.0,10.0,23.0,4.0,5.0,42.0,42.0,0.08,429.0,403.0,470.0,1.0
TxnHandler.java,31.0,1.0,24.0,7.0,5.0,4.0,5.0,15.0,244.0,244.0,2.0,8.0,10.0,29.0,69.0,65.0,59.0,26.0,69.0,217.0,11.0,24.0,7.0,27.0,1320.0,2382.0,140.0,1724.0,378.0,1328.0,533.0,1622.0,6623228.0,998.0,1290.0,358.0,1045.0,2.0,32.0,30.0,36.0,2.0,5.0,0.0,0.0,0.31,313.0,274.0,352.0,1.0
TxnInfo.java,12.0,1.0,11.0,1.0,3.0,3.0,4.0,11.0,53.0,53.0,0.0,6.0,3.0,14.0,68.0,66.0,65.0,17.0,68.0,60.0,1.0,2.0,0.0,65.0,252.0,1022.0,125.0,853.0,177.0,551.0,65.0,213.0,6063.0,407.0,603.0,155.0,482.0,1.0,23.0,23.0,49.0,2.0,3.0,0.0,0.0,0.08,219.0,189.0,251.0,0.0
Type.java,1.0,0.0,1.0,0.0,0.0,0.0,0.0,388.0,2619.0,2619.0,31.0,1.0,0.0,0.0,3.0,1.0,3.0,17.0,3.0,2503.0,1.0,0.0,0.0,2.0,12595.0,43.0,8.0,12.0,9.0,1.0,23.0,9968.0,39506.0,4.0,5.0,4.0,1.0,1.0,1.0,1.0,1.0,5.0,0.0,0.0,0.0,1.92,1.0,1.0,1.0,0.0
Type.java,11.0,0.0,10.0,1.0,3.0,3.0,3.0,388.0,2619.0,2619.0,31.0,6.0,3.0,9.0,56.0,54.0,53.0,10.0,56.0,2503.0,1.0,2.0,0.0,53.0,12595.0,768.0,93.0,647.0,146.0,381.0,40.0,9968.0,39506.0,290.0,448.0,135.0,341.0,1.0,14.0,14.0,30.0,5.0,4.0,0.0,0.0,0.06,165.0,150.0,185.0,0.0
Type.java,7.0,0.0,5.0,2.0,2.0,1.0,2.0,388.0,2619.0,2619.0,31.0,1.0,2.0,0.0,29.0,27.0,27.0,28.0,29.0,2503.0,3.0,0.0,0.0,26.0,12595.0,348.0,32.0,231.0,112.0,79.0,85.0,9968.0,39506.0,59.0,101.0,40.0,61.0,1.0,8.0,6.0,8.0,5.0,3.0,0.0,0.0,0.37,52.0,40.0,53.0,0.0
TypeCheckProcFactory.java,34.0,3.0,26.0,6.0,6.0,5.0,6.0,22.0,278.0,278.0,3.0,10.0,9.0,6.0,33.0,33.0,24.0,0.0,33.0,72.0,1.0,3.0,7.0,22.0,281.0,1387.0,146.0,999.0,280.0,690.0,242.0,387.0,26781.0,455.0,643.0,246.0,485.0,3.0,45.0,43.0,55.0,2.0,5.0,0.0,0.0,0.24,188.0,176.0,213.0,1.0
UDAF.java,7.0,0.0,3.0,4.0,1.0,1.0,1.0,250.0,1492.0,1492.0,135.0,1.0,0.0,0.0,4.0,4.0,4.0,1.0,4.0,2199.0,0.0,0.0,0.0,4.0,2703.0,111.0,7.0,17.0,8.0,4.0,87.0,2429.0,8403.0,6.0,11.0,7.0,4.0,1.0,1.0,1.0,1.0,4.0,0.0,0.0,0.0,5.12,4.0,4.0,4.0,0.0
UDF.java,8.0,0.0,3.0,5.0,1.0,1.0,1.0,369.0,4227.0,4227.0,280.0,1.0,0.0,0.0,6.0,6.0,6.0,1.0,6.0,8253.0,0.0,0.0,1.0,5.0,6324.0,117.0,10.0,24.0,11.0,6.0,83.0,7302.0,7119.0,9.0,16.0,10.0,6.0,1.0,1.0,1.0,1.0,5.0,0.0,0.0,0.0,3.46,6.0,6.0,6.0,0.0
UDFFindInSet.java,54.0,8.0,46.0,0.0,10.0,10.0,14.0,1.0,3.0,3.0,0.0,1.0,0.0,0.0,1.0,1.0,1.0,1.0,1.0,7.0,0.0,0.0,0.0,1.0,3.0,98.0,14.0,63.0,23.0,36.0,21.0,4.0,24.0,32.0,43.0,16.0,31.0,10.0,10.0,10.0,14.0,2.0,4.0,0.0,0.0,0.33,10.0,10.0,14.0,0.0
UnsignedInt128.java,20.0,1.0,12.0,7.0,3.0,2.0,3.0,4.0,20.0,20.0,0.0,1.0,17.0,6.0,124.0,124.0,107.0,2.0,124.0,148.0,0.0,20.0,1.0,103.0,739.0,2726.0,266.0,1513.0,287.0,1078.0,958.0,428.0,1058.0,782.0,1069.0,283.0,830.0,1.0,26.0,15.0,29.0,1.0,5.0,60.0,40.0,0.63,343.0,308.0,387.0,0.0
Util.java,14.0,0.0,12.0,1.0,4.0,4.0,5.0,301.0,4480.0,4480.0,12.0,1.0,4.0,1.0,4.0,4.0,0.0,0.0,4.0,2664.0,0.0,0.0,0.0,4.0,13706.0,106.0,12.0,71.0,16.0,43.0,23.0,13246.0,34303445.0,33.0,52.0,17.0,36.0,2.0,8.0,8.0,10.0,3.0,3.0,0.0,0.0,0.32,16.0,16.0,18.0,0.0
Util.java,4.0,0.0,4.0,0.0,1.0,1.0,1.0,301.0,4480.0,4480.0,12.0,1.0,0.0,0.0,1.0,1.0,1.0,0.0,1.0,2664.0,0.0,0.0,0.0,1.0,13706.0,25.0,1.0,7.0,4.0,1.0,17.0,13246.0,34303445.0,2.0,4.0,3.0,1.0,2.0,1.0,1.0,1.0,3.0,0.0,0.0,0.0,2.43,1.0,1.0,1.0,0.0
Utilities.java,17.0,1.0,12.0,4.0,3.0,3.0,3.0,17.0,462.0,462.0,1.0,7.0,173.0,36.0,183.0,179.0,10.0,4.0,183.0,266.0,0.0,22.0,2.0,159.0,1516.0,3600.0,354.0,2460.0,835.0,1503.0,798.0,1405.0,1337.0,1204.0,1772.0,806.0,1266.0,2.0,21.0,21.0,22.0,2.0,5.0,0.0,0.0,0.32,534.0,531.0,597.0,1.0
Utils.java,29.0,1.0,20.0,8.0,4.0,4.0,5.0,188.0,2811.0,2811.0,4.0,1.0,10.0,1.0,10.0,10.0,0.0,0.0,10.0,1460.0,0.0,7.0,0.0,3.0,8820.0,354.0,24.0,233.0,87.0,146.0,97.0,8590.0,34289749.0,144.0,186.0,86.0,137.0,2.0,8.0,8.0,8.0,2.0,5.0,0.0,0.0,0.42,43.0,43.0,46.0,1.0
Utils.java,17.0,1.0,13.0,3.0,4.0,4.0,5.0,188.0,2811.0,2811.0,4.0,1.0,15.0,0.0,15.0,15.0,0.0,0.0,15.0,1460.0,1.0,0.0,0.0,14.0,8820.0,296.0,27.0,206.0,46.0,131.0,63.0,8590.0,34289749.0,96.0,152.0,48.0,126.0,2.0,8.0,8.0,14.0,2.0,4.0,0.0,0.0,0.31,56.0,56.0,82.0,1.0
Utils.java,12.0,0.0,8.0,4.0,2.0,2.0,2.0,188.0,2811.0,2811.0,4.0,2.0,11.0,48.0,35.0,35.0,24.0,12.0,35.0,1460.0,7.0,4.0,0.0,24.0,8820.0,619.0,64.0,377.0,154.0,237.0,182.0,8590.0,34289749.0,202.0,280.0,152.0,159.0,2.0,22.0,22.0,24.0,2.0,5.0,0.0,0.0,0.48,73.0,73.0,82.0,1.0
Utils.java,23.0,0.0,17.0,6.0,4.0,4.0,6.0,188.0,2811.0,2811.0,4.0,1.0,3.0,2.0,3.0,3.0,0.0,0.0,3.0,1460.0,0.0,0.0,0.0,3.0,8820.0,109.0,9.0,63.0,19.0,39.0,37.0,8590.0,34289749.0,31.0,44.0,21.0,28.0,2.0,6.0,6.0,10.0,2.0,3.0,0.0,0.0,0.59,13.0,13.0,19.0,1.0
Utils.java,27.0,1.0,26.0,0.0,4.0,4.0,4.0,188.0,2811.0,2811.0,4.0,1.0,1.0,0.0,1.0,1.0,0.0,0.0,1.0,1460.0,0.0,0.0,0.0,1.0,8820.0,58.0,4.0,37.0,20.0,16.0,17.0,8590.0,34289749.0,22.0,28.0,18.0,13.0,2.0,4.0,4.0,4.0,2.0,3.0,0.0,0.0,0.46,4.0,4.0,4.0,1.0
Utils.java,19.0,3.0,10.0,7.0,3.0,3.0,3.0,188.0,2811.0,2811.0,4.0,1.0,2.0,0.0,2.0,2.0,0.0,0.0,2.0,1460.0,0.0,0.0,0.0,2.0,8820.0,67.0,10.0,24.0,8.0,13.0,33.0,8590.0,34289749.0,17.0,24.0,10.0,17.0,2.0,3.0,3.0,3.0,2.0,2.0,0.0,0.0,1.38,6.0,6.0,6.0,1.0
Utils.java,11.0,1.0,10.0,1.0,1.0,1.0,1.0,188.0,2811.0,2811.0,4.0,1.0,2.0,0.0,2.0,2.0,0.0,0.0,2.0,1460.0,0.0,0.0,0.0,2.0,8820.0,56.0,6.0,30.0,20.0,13.0,20.0,8590.0,34289749.0,22.0,25.0,18.0,13.0,2.0,1.0,1.0,1.0,2.0,0.0,0.0,0.0,0.67,2.0,2.0,2.0,1.0
Utils.java,15.0,0.0,8.0,7.0,2.0,2.0,2.0,188.0,2811.0,2811.0,4.0,2.0,6.0,0.0,8.0,8.0,2.0,4.0,8.0,1460.0,0.0,1.0,0.0,7.0,8820.0,181.0,19.0,88.0,49.0,41.0,74.0,8590.0,34289749.0,55.0,68.0,42.0,37.0,2.0,3.0,3.0,3.0,2.0,1.0,0.0,0.0,0.84,13.0,13.0,14.0,1.0
VectorAssignRow.java,7.0,0.0,7.0,0.0,2.0,1.0,2.0,24.0,125.0,125.0,22.0,22.0,0.0,2.0,56.0,59.0,59.0,8.0,59.0,221.0,51.0,1.0,2.0,5.0,130.0,612.0,95.0,488.0,185.0,231.0,29.0,143.0,80.0,216.0,324.0,162.0,175.0,2.0,18.0,3.0,18.0,3.0,2.0,0.0,0.0,0.06,99.0,83.0,99.0,0.0
VectorDeserializeRow.java,9.0,1.0,9.0,0.0,2.0,2.0,2.0,25.0,237.0,237.0,23.0,25.0,0.0,2.0,55.0,56.0,56.0,22.0,56.0,121.0,45.0,3.0,0.0,8.0,225.0,738.0,134.0,566.0,195.0,309.0,40.0,192.0,187.0,280.0,391.0,175.0,235.0,2.0,18.0,3.0,18.0,3.0,2.0,0.0,0.0,0.07,102.0,87.0,102.0,0.0
VectorExpressionWriterFactory.java,13.0,1.0,11.0,1.0,2.0,2.0,2.0,26.0,158.0,158.0,23.0,27.0,28.0,0.0,125.0,127.0,99.0,29.0,127.0,435.0,2.0,19.0,0.0,106.0,432.0,1320.0,148.0,1050.0,205.0,710.0,122.0,394.0,221.0,436.0,650.0,249.0,425.0,1.0,23.0,7.0,23.0,3.0,2.0,38.0,38.0,0.12,225.0,205.0,305.0,0.0
VectorExtractRow.java,8.0,0.0,8.0,0.0,2.0,2.0,2.0,24.0,142.0,142.0,22.0,22.0,0.0,2.0,58.0,61.0,61.0,22.0,61.0,227.0,50.0,1.0,2.0,8.0,251.0,738.0,116.0,563.0,220.0,291.0,59.0,108.0,81.0,290.0,399.0,197.0,211.0,2.0,18.0,4.0,18.0,3.0,3.0,0.0,0.0,0.1,117.0,101.0,133.0,0.0
VectorHashKeyWrapperBatch.java,16.0,0.0,12.0,4.0,3.0,3.0,5.0,1.0,13.0,13.0,0.0,1.0,1.0,1.0,32.0,32.0,31.0,3.0,32.0,35.0,0.0,24.0,0.0,8.0,231.0,603.0,49.0,389.0,88.0,241.0,165.0,104.0,16457.0,189.0,294.0,100.0,200.0,2.0,31.0,31.0,71.0,2.0,2.0,67.0,67.0,0.42,108.0,108.0,148.0,0.0
VectorMapJoinGenerateResultOperator.java,32.0,5.0,21.0,6.0,4.0,4.0,5.0,1.0,38.0,38.0,4.0,1.0,2.0,3.0,22.0,22.0,20.0,4.0,22.0,218.0,0.0,4.0,11.0,7.0,171.0,848.0,149.0,505.0,156.0,330.0,195.0,115.0,524.0,288.0,386.0,147.0,271.0,3.0,17.0,17.0,17.0,6.0,4.0,90.0,85.0,0.39,97.0,97.0,100.0,1.0
VectorMapJoinInnerBigOnlyGenerateResultOperator.java,25.0,4.0,13.0,9.0,3.0,3.0,3.0,1.0,14.0,14.0,3.0,1.0,0.0,2.0,9.0,9.0,9.0,7.0,9.0,227.0,0.0,2.0,5.0,2.0,54.0,334.0,55.0,143.0,54.0,76.0,136.0,30.0,31.0,83.0,109.0,50.0,62.0,4.5,6.0,5.0,6.0,7.0,3.0,79.0,79.0,0.95,27.0,25.0,28.0,1.0
VectorMapJoinInnerBigOnlyLongOperator.java,79.0,15.0,45.0,19.0,10.0,8.0,12.0,1.0,21.0,21.0,0.0,1.0,0.0,3.0,4.0,4.0,4.0,5.0,4.0,231.0,0.0,0.0,1.0,3.0,37.0,398.0,78.0,204.0,49.0,142.0,116.0,31.0,186218.0,110.0,144.0,50.0,96.0,38.0,38.0,30.0,46.0,8.0,6.0,75.0,75.0,0.57,41.0,33.0,49.0,1.0
VectorMapJoinInnerBigOnlyMultiKeyOperator.java,79.0,15.0,45.0,19.0,10.0,8.0,11.0,1.0,23.0,23.0,0.0,1.0,0.0,3.0,4.0,4.0,4.0,4.0,4.0,231.0,0.0,0.0,1.0,3.0,35.0,405.0,81.0,206.0,50.0,144.0,118.0,37.0,173586.0,117.0,150.0,52.0,105.0,37.0,37.0,29.0,39.0,8.0,6.0,75.0,75.0,0.57,40.0,32.0,42.0,1.0
VectorMapJoinInnerBigOnlyStringOperator.java,76.0,15.0,42.0,19.0,9.0,7.0,10.0,1.0,21.0,21.0,0.0,1.0,0.0,3.0,4.0,4.0,4.0,2.0,4.0,231.0,0.0,0.0,1.0,3.0,36.0,384.0,78.0,191.0,54.0,137.0,115.0,26.0,43410.0,106.0,136.0,55.0,83.0,34.0,34.0,26.0,38.0,8.0,6.0,75.0,75.0,0.6,37.0,29.0,41.0,1.0
VectorMapJoinInnerGenerateResultOperator.java,18.0,3.0,11.0,4.0,3.0,2.0,3.0,1.0,14.0,14.0,3.0,1.0,0.0,2.0,7.0,7.0,7.0,8.0,7.0,225.0,0.0,0.0,5.0,2.0,40.0,234.0,38.0,108.0,47.0,55.0,88.0,21.0,22.0,66.0,85.0,46.0,40.0,3.5,6.0,5.0,6.0,7.0,3.0,70.0,70.0,0.81,18.0,16.0,19.0,1.0
VectorMapJoinInnerLongOperator.java,78.0,15.0,46.0,18.0,10.0,8.0,12.0,1.0,20.0,20.0,0.0,1.0,0.0,3.0,4.0,4.0,4.0,5.0,4.0,229.0,0.0,0.0,1.0,3.0,38.0,395.0,78.0,207.0,48.0,146.0,110.0,32.0,186218.0,113.0,147.0,49.0,100.0,38.0,38.0,30.0,46.0,8.0,6.0,75.0,75.0,0.53,41.0,33.0,49.0,1.0
VectorMapJoinInnerMultiKeyOperator.java,79.0,15.0,46.0,18.0,10.0,8.0,11.0,1.0,22.0,22.0,0.0,1.0,0.0,3.0,4.0,4.0,4.0,4.0,4.0,229.0,0.0,0.0,1.0,3.0,36.0,401.0,80.0,209.0,49.0,148.0,112.0,38.0,173586.0,120.0,153.0,51.0,109.0,37.0,37.0,29.0,39.0,8.0,6.0,75.0,75.0,0.54,40.0,32.0,42.0,1.0
VectorMapJoinInnerStringOperator.java,75.0,15.0,43.0,18.0,9.0,7.0,10.0,1.0,20.0,20.0,0.0,1.0,0.0,3.0,4.0,4.0,4.0,2.0,4.0,229.0,0.0,0.0,1.0,3.0,37.0,377.0,76.0,193.0,52.0,140.0,108.0,27.0,43410.0,108.0,138.0,53.0,87.0,34.0,34.0,26.0,38.0,8.0,6.0,75.0,75.0,0.56,37.0,29.0,41.0,1.0
VectorMapJoinLeftSemiGenerateResultOperator.java,18.0,3.0,10.0,5.0,2.0,2.0,3.0,1.0,13.0,13.0,3.0,1.0,0.0,2.0,8.0,8.0,8.0,4.0,8.0,226.0,0.0,1.0,5.0,2.0,37.0,231.0,40.0,101.0,42.0,49.0,90.0,20.0,17.0,59.0,78.0,39.0,42.0,3.0,6.0,4.0,6.0,7.0,3.0,78.0,78.0,0.89,19.0,17.0,20.0,1.0
VectorMapJoinLeftSemiLongOperator.java,76.0,15.0,42.0,19.0,10.0,8.0,12.0,1.0,21.0,21.0,0.0,1.0,0.0,3.0,4.0,4.0,4.0,5.0,4.0,230.0,0.0,0.0,1.0,3.0,34.0,388.0,78.0,194.0,48.0,132.0,116.0,26.0,186218.0,103.0,137.0,49.0,90.0,38.0,38.0,30.0,46.0,8.0,6.0,75.0,75.0,0.6,41.0,33.0,49.0,1.0
VectorMapJoinLeftSemiMultiKeyOperator.java,78.0,15.0,43.0,20.0,10.0,8.0,11.0,1.0,23.0,23.0,0.0,1.0,0.0,3.0,4.0,4.0,4.0,4.0,4.0,230.0,0.0,0.0,1.0,3.0,32.0,398.0,81.0,196.0,49.0,134.0,121.0,32.0,173586.0,110.0,143.0,51.0,99.0,37.0,37.0,29.0,39.0,8.0,6.0,75.0,75.0,0.62,40.0,32.0,42.0,1.0
VectorMapJoinLeftSemiStringOperator.java,73.0,15.0,39.0,19.0,9.0,7.0,10.0,1.0,21.0,21.0,0.0,1.0,0.0,3.0,4.0,4.0,4.0,2.0,4.0,230.0,0.0,0.0,1.0,3.0,33.0,371.0,77.0,180.0,52.0,126.0,114.0,21.0,43410.0,98.0,128.0,53.0,77.0,34.0,34.0,26.0,38.0,8.0,6.0,75.0,75.0,0.63,37.0,29.0,41.0,1.0
VectorMapJoinOperator.java,15.0,2.0,12.0,2.0,2.0,2.0,2.0,6.0,47.0,47.0,0.0,4.0,0.0,2.0,13.0,13.0,13.0,12.0,13.0,214.0,0.0,1.0,4.0,8.0,50.0,260.0,47.0,165.0,72.0,92.0,49.0,45.0,51.0,102.0,127.0,74.0,65.0,1.0,7.0,7.0,7.0,6.0,2.0,16.5,16.5,0.3,24.0,24.0,24.0,1.0
VectorMapJoinOptimizedCreateHashTable.java,81.0,6.0,75.0,0.0,17.0,5.0,17.0,1.0,20.0,20.0,0.0,1.0,1.0,1.0,1.0,1.0,0.0,0.0,1.0,1.0,0.0,0.0,0.0,1.0,14.0,129.0,14.0,88.0,22.0,69.0,27.0,17.0,13.0,41.0,47.0,21.0,34.0,17.0,17.0,5.0,17.0,1.0,2.0,0.0,0.0,0.31,17.0,5.0,17.0,0.0
VectorMapJoinOuterFilteredOperator.java,14.0,3.0,10.0,1.0,2.0,2.0,2.0,1.0,12.0,12.0,0.0,1.0,0.0,1.0,5.0,5.0,5.0,4.0,5.0,195.0,0.0,0.0,1.0,4.0,14.0,126.0,30.0,63.0,26.0,31.0,33.0,18.0,17.0,40.0,51.0,25.0,27.0,3.5,6.0,6.0,6.0,6.0,2.0,70.0,70.0,0.52,10.0,10.0,10.0,1.0
VectorMapJoinOuterGenerateResultOperator.java,44.0,7.0,22.0,14.0,5.0,5.0,5.0,1.0,14.0,14.0,3.0,1.0,0.0,2.0,14.0,14.0,14.0,12.0,14.0,232.0,0.0,5.0,5.0,4.0,111.0,751.0,131.0,342.0,99.0,221.0,278.0,62.0,1110.0,182.0,257.0,97.0,166.0,4.0,17.0,17.0,17.0,7.0,4.0,83.0,83.0,0.81,66.0,64.0,70.0,1.0
VectorMapJoinOuterLongOperator.java,93.0,17.0,52.0,24.0,12.0,10.0,13.0,1.0,20.0,20.0,0.0,1.0,0.0,3.0,4.0,4.0,4.0,5.0,4.0,236.0,0.0,0.0,1.0,3.0,41.0,454.0,87.0,232.0,53.0,167.0,135.0,33.0,601358.0,119.0,158.0,54.0,106.0,43.0,43.0,35.0,50.0,8.0,7.0,75.0,75.0,0.58,46.0,38.0,53.0,1.0
VectorMapJoinOuterMultiKeyOperator.java,96.0,18.0,55.0,24.0,12.0,10.0,12.0,1.0,22.0,22.0,0.0,1.0,0.0,3.0,4.0,4.0,4.0,4.0,4.0,236.0,0.0,0.0,1.0,3.0,40.0,470.0,90.0,244.0,54.0,176.0,137.0,39.0,1363402.0,131.0,171.0,56.0,121.0,44.0,44.0,36.0,46.0,8.0,7.0,75.0,75.0,0.56,47.0,39.0,49.0,1.0
VectorMapJoinOuterStringOperator.java,91.0,17.0,50.0,23.0,11.0,9.0,12.0,1.0,20.0,20.0,0.0,1.0,0.0,3.0,4.0,4.0,4.0,2.0,4.0,236.0,0.0,0.0,1.0,3.0,40.0,440.0,86.0,223.0,55.0,165.0,131.0,28.0,227242.0,116.0,152.0,56.0,98.0,40.0,40.0,32.0,43.0,8.0,7.0,75.0,75.0,0.59,43.0,35.0,46.0,1.0
VectorizationContext.java,22.0,1.0,19.0,2.0,5.0,4.0,6.0,6.0,352.0,352.0,1.0,5.0,19.0,7.0,95.0,93.0,76.0,19.0,95.0,213.0,5.0,45.0,3.0,42.0,743.0,2506.0,252.0,2004.0,550.0,1427.0,251.0,973.0,883.0,1062.0,1450.0,523.0,1126.0,2.0,23.0,23.0,38.0,2.0,6.0,0.0,0.0,0.13,492.0,381.0,569.0,1.0
Vectorizer.java,23.0,3.0,19.0,1.0,4.0,3.0,4.0,16.0,390.0,390.0,2.0,9.0,0.0,1.0,84.0,84.0,84.0,26.0,84.0,224.0,7.0,48.0,2.0,27.0,406.0,2269.0,323.0,1809.0,557.0,1199.0,139.0,606.0,3331.0,1022.0,1339.0,525.0,994.0,2.0,38.0,20.0,40.0,2.0,6.0,33.0,33.0,0.08,343.0,290.0,377.0,1.0
VerifyFast.java,163.0,1.0,162.0,0.0,32.0,17.0,32.0,1.0,36.0,36.0,0.0,1.0,2.0,0.0,2.0,2.0,0.0,0.0,2.0,2.0,0.0,0.0,0.0,2.0,49.0,372.0,8.0,343.0,87.0,224.0,21.0,70.0,126.0,176.0,211.0,88.0,153.0,32.0,46.0,31.0,46.0,1.0,3.0,0.0,0.0,0.06,64.0,34.0,64.0,0.0
WindowingTableFunction.java,15.0,1.0,14.0,1.0,3.0,3.0,4.0,15.0,166.0,166.0,5.0,14.0,1.0,1.0,78.0,80.0,79.0,35.0,80.0,189.0,13.0,9.0,10.0,48.0,268.0,1588.0,196.0,1174.0,411.0,684.0,234.0,380.0,401.0,553.0,804.0,352.0,585.0,2.0,15.0,15.0,17.0,2.0,5.0,27.5,27.5,0.2,257.0,240.0,305.0,0.0
WriterImpl.java,16.0,0.0,15.0,2.0,3.0,3.0,4.0,34.0,500.0,500.0,18.0,25.0,7.0,9.0,150.0,150.0,143.0,106.0,150.0,500.0,86.0,23.0,3.0,38.0,952.0,2913.0,212.0,2405.0,692.0,1489.0,296.0,689.0,1199.0,1177.0,1633.0,570.0,1147.0,2.0,25.0,17.0,25.0,3.0,4.0,25.0,25.0,0.12,486.0,422.0,530.0,1.0
cbo_rp_TestJdbcDriver2.java,25.0,2.0,20.0,3.0,2.0,2.0,2.0,5.0,72.0,72.0,0.0,5.0,3.0,17.0,87.0,87.0,84.0,4.0,87.0,93.0,0.0,15.0,0.0,72.0,298.0,2425.0,312.0,1793.0,449.0,1391.0,383.0,660.0,240.0,1200.0,1381.0,365.0,1171.0,1.0,9.0,9.0,9.0,2.0,3.0,0.0,0.0,0.21,171.0,170.0,172.0,1.0
package-info.java,0.0,0.0,0.0,0.0,0.0,0.0,0.0,0.0,0.0,0.0,0.0,0.0,0.0,0.0,0.0,0.0,0.0,0.0,0.0,0.0,0.0,0.0,0.0,0.0,0.0,23.0,1.0,1.0,1.0,0.0,21.0,0.0,0.0,1.0,1.0,1.0,0.0,0.0,0.0,0.0,0.0,0.0,0.0,0.0,0.0,21.0,0.0,0.0,0.0,0.0
package-info.java,0.0,0.0,0.0,0.0,0.0,0.0,0.0,0.0,0.0,0.0,0.0,0.0,0.0,0.0,0.0,0.0,0.0,0.0,0.0,0.0,0.0,0.0,0.0,0.0,0.0,22.0,1.0,1.0,1.0,0.0,20.0,0.0,0.0,1.0,1.0,1.0,0.0,0.0,0.0,0.0,0.0,0.0,0.0,0.0,0.0,20.0,0.0,0.0,0.0,0.0
package-info.java,0.0,0.0,0.0,0.0,0.0,0.0,0.0,0.0,0.0,0.0,0.0,0.0,0.0,0.0,0.0,0.0,0.0,0.0,0.0,0.0,0.0,0.0,0.0,0.0,0.0,70.0,1.0,1.0,1.0,0.0,68.0,0.0,0.0,1.0,1.0,1.0,0.0,0.0,0.0,0.0,0.0,0.0,0.0,0.0,0.0,68.0,0.0,0.0,0.0,0.0
package-info.java,0.0,0.0,0.0,0.0,0.0,0.0,0.0,0.0,0.0,0.0,0.0,0.0,0.0,0.0,0.0,0.0,0.0,0.0,0.0,0.0,0.0,0.0,0.0,0.0,0.0,22.0,1.0,1.0,1.0,0.0,20.0,0.0,0.0,1.0,1.0,1.0,0.0,0.0,0.0,0.0,0.0,0.0,0.0,0.0,0.0,20.0,0.0,0.0,0.0,0.0
package-info.java,0.0,0.0,0.0,0.0,0.0,0.0,0.0,0.0,0.0,0.0,0.0,0.0,0.0,0.0,0.0,0.0,0.0,0.0,0.0,0.0,0.0,0.0,0.0,0.0,0.0,49.0,0.0,1.0,1.0,0.0,48.0,0.0,0.0,1.0,1.0,1.0,0.0,0.0,0.0,0.0,0.0,0.0,0.0,0.0,0.0,48.0,0.0,0.0,0.0,0.0
package-info.java,0.0,0.0,0.0,0.0,0.0,0.0,0.0,0.0,0.0,0.0,0.0,0.0,0.0,0.0,0.0,0.0,0.0,0.0,0.0,0.0,0.0,0.0,0.0,0.0,0.0,22.0,1.0,1.0,1.0,0.0,20.0,0.0,0.0,1.0,1.0,1.0,0.0,0.0,0.0,0.0,0.0,0.0,0.0,0.0,0.0,20.0,0.0,0.0,0.0,0.0
serdeConstants.java,0.0,0.0,0.0,0.0,0.0,0.0,0.0,1.0,4.0,4.0,1.0,1.0,0.0,46.0,0.0,0.0,0.0,0.0,0.0,0.0,0.0,0.0,0.0,0.0,0.0,161.0,50.0,105.0,77.0,70.0,6.0,0.0,0.0,96.0,97.0,73.0,27.0,0.0,0.0,0.0,0.0,1.0,0.0,0.0,0.0,0.06,0.0,0.0,0.0,0.0
thrift_grammar.java,44.0,0.0,43.0,1.0,10.0,8.0,10.0,6.0,81.0,81.0,0.0,1.0,5.0,4.0,68.0,68.0,63.0,15.0,68.0,116.0,0.0,6.0,1.0,61.0,970.0,3121.0,90.0,2945.0,224.0,1963.0,88.0,752.0,5602.0,1212.0,1716.0,223.0,1550.0,7.0,32.0,23.0,32.0,1.0,4.0,82.0,40.0,0.03,675.0,537.0,677.0,0.0
thrift_grammarTokenManager.java,42.0,0.0,41.0,0.0,14.0,8.0,14.0,2.0,7.0,7.0,0.0,1.0,0.0,6.0,36.0,36.0,36.0,11.0,36.0,36.0,0.0,28.0,1.0,7.0,205.0,1604.0,48.0,1544.0,117.0,1240.0,12.0,191.0,2633.0,684.0,944.0,76.0,870.0,7.5,145.0,92.0,152.0,1.0,6.0,82.0,45.0,0.01,502.0,272.0,512.0,0.0
