,index,Name,AvgCountLine,AvgCountLineBlank,AvgCountLineCode,AvgCountLineComment,AvgCyclomatic,CountDeclClass,CountDeclClassMethod,CountDeclClassVariable,CountDeclExecutableUnit,CountDeclFunction,CountDeclInstanceMethod,CountDeclInstanceVariable,CountDeclMethod,CountDeclMethodDefault,CountDeclMethodPrivate,CountDeclMethodProtected,CountDeclMethodPublic,CountLine,CountLineBlank,CountLineCode,CountLineCodeDecl,CountLineCodeExe,CountLineComment,CountSemicolon,CountStmt,CountStmtDecl,CountStmtExe,MaxCyclomatic,MaxNesting,RatioCommentToCode,SumCyclomatic,Bugs
115,115,AppConfig.java,5.0,0.0,5.0,1.0,2.0,3.0,4.0,52.0,44.0,42.0,40.0,2.0,44.0,0.0,7.0,0.0,37.0,413.0,36.0,290.0,149.0,186.0,88.0,175.0,249.0,144.0,122.0,8.0,4.0,0.3,66.0,1.0
161,161,BaseSemanticAnalyzer.java,13.0,0.0,11.0,2.0,3.0,5.0,27.0,4.0,96.0,95.0,70.0,38.0,97.0,2.0,8.0,26.0,61.0,1473.0,145.0,1118.0,338.0,674.0,223.0,577.0,812.0,331.0,566.0,21.0,5.0,0.2,252.0,1.0
165,165,BeeLine.java,13.0,1.0,10.0,2.0,3.0,3.0,9.0,16.0,122.0,122.0,113.0,23.0,122.0,81.0,9.0,3.0,29.0,2181.0,318.0,1565.0,355.0,1035.0,326.0,651.0,966.0,365.0,713.0,12.0,8.0,0.21,324.0,0.0
177,179,BinarySortableSerDe.java,31.0,2.0,26.0,3.0,6.0,1.0,19.0,2.0,26.0,26.0,7.0,9.0,26.0,3.0,2.0,0.0,21.0,984.0,90.0,771.0,273.0,512.0,123.0,486.0,570.0,259.0,405.0,71.0,5.0,0.16,149.0,1.0
239,241,CalcitePlanner.java,41.0,4.0,30.0,7.0,5.0,11.0,5.0,3.0,72.0,68.0,67.0,23.0,72.0,14.0,45.0,0.0,13.0,3249.0,358.0,2357.0,882.0,1728.0,538.0,1352.0,1702.0,792.0,1296.0,23.0,6.0,0.23,364.0,1.0
289,291,Cleaner.java,33.0,2.0,27.0,5.0,6.0,2.0,0.0,2.0,6.0,6.0,6.0,3.0,6.0,0.0,4.0,0.0,2.0,263.0,20.0,195.0,63.0,122.0,48.0,99.0,145.0,71.0,97.0,17.0,7.0,0.25,36.0,1.0
292,294,CliDriver.java,27.0,2.0,22.0,3.0,4.0,11.0,4.0,5.0,32.0,32.0,28.0,5.0,32.0,2.0,7.0,1.0,22.0,880.0,99.0,665.0,193.0,441.0,119.0,351.0,489.0,205.0,344.0,19.0,7.0,0.18,129.0,1.0
302,304,Cmp.java,27.0,0.0,24.0,2.0,4.0,1.0,0.0,0.0,10.0,10.0,10.0,11.0,10.0,7.0,0.0,0.0,3.0,320.0,17.0,265.0,65.0,186.0,38.0,157.0,201.0,67.0,164.0,16.0,8.0,0.14,43.0,0.0
305,307,ColAndCol.java,26.0,0.0,24.0,2.0,6.0,1.0,0.0,1.0,11.0,11.0,11.0,3.0,11.0,0.0,0.0,0.0,11.0,329.0,19.0,278.0,46.0,200.0,37.0,162.0,227.0,66.0,161.0,54.0,4.0,0.13,64.0,0.0
306,308,ColOrCol.java,26.0,0.0,24.0,2.0,6.0,1.0,0.0,1.0,11.0,11.0,11.0,3.0,11.0,0.0,0.0,0.0,11.0,332.0,20.0,278.0,46.0,200.0,39.0,162.0,227.0,66.0,161.0,54.0,4.0,0.14,64.0,0.0
327,329,ColumnPrunerProcFactory.java,24.0,2.0,19.0,3.0,4.0,15.0,20.0,1.0,41.0,41.0,21.0,0.0,41.0,0.0,12.0,0.0,29.0,1182.0,124.0,870.0,375.0,548.0,189.0,481.0,675.0,353.0,490.0,18.0,4.0,0.22,150.0,1.0
332,334,ColumnStatisticsImpl.java,8.0,0.0,8.0,0.0,2.0,9.0,2.0,0.0,106.0,106.0,104.0,25.0,106.0,18.0,0.0,0.0,88.0,1097.0,123.0,954.0,288.0,528.0,20.0,393.0,630.0,201.0,463.0,15.0,3.0,0.02,245.0,1.0
369,371,Commands.java,20.0,1.0,17.0,1.0,4.0,4.0,0.0,2.0,79.0,79.0,79.0,1.0,79.0,3.0,17.0,0.0,59.0,1730.0,228.0,1392.0,257.0,992.0,115.0,600.0,878.0,269.0,706.0,21.0,6.0,0.08,292.0,1.0
373,375,CommonJoinOperator.java,16.0,1.0,13.0,1.0,3.0,1.0,1.0,3.0,36.0,36.0,35.0,36.0,36.0,0.0,15.0,10.0,11.0,829.0,112.0,548.0,172.0,344.0,185.0,327.0,438.0,172.0,295.0,20.0,7.0,0.34,106.0,1.0
384,386,CompactorTest.java,7.0,0.0,7.0,0.0,2.0,6.0,0.0,2.0,53.0,52.0,54.0,16.0,54.0,5.0,5.0,22.0,22.0,532.0,71.0,419.0,192.0,195.0,45.0,226.0,312.0,150.0,195.0,12.0,3.0,0.11,87.0,1.0
392,394,Complex.java,15.0,1.0,14.0,0.0,4.0,6.0,3.0,15.0,96.0,94.0,93.0,23.0,96.0,1.0,2.0,0.0,93.0,1706.0,169.0,1502.0,280.0,944.0,65.0,723.0,1059.0,281.0,852.0,32.0,6.0,0.04,364.0,0.0
424,427,ConstantPropagateProcCtx.java,14.0,1.0,12.0,2.0,3.0,2.0,0.0,1.0,11.0,9.0,11.0,5.0,11.0,0.0,1.0,0.0,10.0,226.0,24.0,155.0,55.0,88.0,49.0,74.0,113.0,55.0,74.0,21.0,7.0,0.32,32.0,1.0
425,428,ConstantPropagateProcFactory.java,35.0,1.0,28.0,6.0,7.0,10.0,24.0,4.0,36.0,36.0,12.0,0.0,36.0,0.0,16.0,0.0,20.0,1474.0,96.0,1124.0,365.0,726.0,254.0,553.0,813.0,340.0,608.0,71.0,5.0,0.23,255.0,1.0
447,450,CorrelationUtilities.java,15.0,1.0,12.0,2.0,3.0,1.0,26.0,0.0,26.0,26.0,0.0,0.0,26.0,0.0,1.0,22.0,3.0,480.0,49.0,358.0,120.0,197.0,75.0,174.0,257.0,111.0,176.0,8.0,3.0,0.21,80.0,0.0
493,496,DDLSemanticAnalyzer.java,29.0,2.0,23.0,4.0,5.0,2.0,9.0,3.0,106.0,106.0,97.0,2.0,106.0,1.0,95.0,0.0,10.0,3417.0,342.0,2635.0,828.0,1911.0,449.0,1461.0,1902.0,737.0,1493.0,82.0,8.0,0.17,508.0,1.0
494,497,DDLTask.java,40.0,3.0,30.0,7.0,6.0,4.0,8.0,9.0,104.0,102.0,96.0,5.0,104.0,7.0,86.0,0.0,11.0,4484.0,425.0,3354.0,892.0,2409.0,707.0,1794.0,2426.0,862.0,1980.0,70.0,6.0,0.21,633.0,1.0
495,498,DDLWork.java,6.0,0.0,4.0,2.0,1.0,1.0,0.0,1.0,149.0,149.0,149.0,50.0,149.0,0.0,0.0,0.0,149.0,1158.0,178.0,623.0,278.0,197.0,357.0,253.0,403.0,208.0,195.0,1.0,0.0,0.57,149.0,0.0
538,541,Decimal128.java,21.0,1.0,9.0,11.0,2.0,1.0,7.0,6.0,83.0,83.0,76.0,4.0,83.0,0.0,1.0,0.0,82.0,1988.0,184.0,808.0,180.0,530.0,1001.0,414.0,593.0,165.0,457.0,22.0,4.0,1.24,185.0,0.0
598,602,DirWatcher.java,12.0,0.0,11.0,1.0,2.0,6.0,0.0,2.0,24.0,22.0,24.0,26.0,24.0,9.0,5.0,0.0,10.0,414.0,48.0,325.0,112.0,179.0,44.0,171.0,239.0,106.0,154.0,17.0,7.0,0.14,58.0,0.0
617,621,Driver.java,29.0,2.0,22.0,4.0,5.0,4.0,6.0,5.0,62.0,62.0,56.0,24.0,62.0,0.0,26.0,0.0,36.0,1993.0,203.0,1500.0,377.0,996.0,296.0,771.0,1074.0,372.0,824.0,39.0,6.0,0.2,293.0,1.0
636,640,DropPartitionsRequest.java,12.0,1.0,12.0,1.0,3.0,6.0,3.0,17.0,73.0,71.0,70.0,19.0,73.0,1.0,2.0,0.0,70.0,1112.0,133.0,946.0,189.0,621.0,57.0,456.0,673.0,167.0,547.0,26.0,3.0,0.06,245.0,0.0
654,658,DummyRawStoreControlledCommit.java,5.0,0.0,5.0,0.0,1.0,1.0,1.0,1.0,120.0,120.0,119.0,1.0,120.0,0.0,0.0,0.0,120.0,791.0,128.0,632.0,380.0,132.0,31.0,158.0,280.0,162.0,118.0,2.0,1.0,0.05,121.0,0.0
655,659,DummyRawStoreForJdoConnection.java,5.0,1.0,5.0,0.0,1.0,1.0,0.0,0.0,118.0,118.0,118.0,0.0,118.0,0.0,0.0,0.0,118.0,809.0,206.0,576.0,357.0,102.0,27.0,139.0,258.0,160.0,99.0,1.0,0.0,0.05,118.0,0.0
731,735,EncodedReaderImpl.java,20.0,1.0,17.0,3.0,4.0,14.0,11.0,5.0,59.0,59.0,48.0,30.0,59.0,0.0,22.0,0.0,37.0,1365.0,96.0,1044.0,308.0,697.0,248.0,554.0,771.0,280.0,561.0,38.0,6.0,0.24,220.0,1.0
732,736,EncodedTreeReaderFactory.java,9.0,0.0,8.0,0.0,2.0,30.0,15.0,0.0,152.0,153.0,138.0,135.0,153.0,1.0,14.0,0.0,138.0,1836.0,271.0,1492.0,504.0,779.0,73.0,607.0,914.0,386.0,569.0,16.0,3.0,0.05,290.0,0.0
741,745,ErrorMsg.java,8.0,0.0,6.0,2.0,2.0,1.0,9.0,7.0,27.0,25.0,18.0,272.0,27.0,0.0,7.0,0.0,20.0,786.0,72.0,627.0,483.0,111.0,88.0,101.0,153.0,60.0,108.0,9.0,4.0,0.14,46.0,1.0
749,753,ExampleUseCase.java,56.0,13.0,22.0,21.0,1.0,1.0,0.0,0.0,1.0,1.0,1.0,11.0,1.0,0.0,0.0,0.0,1.0,99.0,19.0,41.0,26.0,21.0,39.0,30.0,32.0,24.0,13.0,1.0,0.0,0.95,1.0,0.0
750,754,Exec.java,10.0,0.0,8.0,2.0,2.0,2.0,0.0,4.0,199.0,197.0,199.0,46.0,199.0,33.0,0.0,0.0,166.0,2361.0,219.0,1669.0,485.0,916.0,477.0,735.0,1123.0,395.0,828.0,12.0,4.0,0.29,382.0,1.0
773,777,ExplainTask.java,33.0,3.0,29.0,1.0,8.0,3.0,2.0,2.0,27.0,27.0,25.0,3.0,27.0,0.0,14.0,0.0,13.0,1006.0,114.0,826.0,200.0,533.0,66.0,382.0,584.0,187.0,465.0,50.0,7.0,0.08,206.0,1.0
833,837,FileOutputCommitterContainer.java,37.0,3.0,28.0,7.0,6.0,1.0,1.0,9.0,24.0,24.0,23.0,10.0,24.0,0.0,15.0,0.0,9.0,1019.0,107.0,726.0,198.0,486.0,193.0,321.0,476.0,186.0,362.0,30.0,8.0,0.27,138.0,1.0
837,841,FileSinkOperator.java,26.0,2.0,19.0,5.0,5.0,4.0,1.0,4.0,40.0,40.0,41.0,63.0,42.0,2.0,12.0,9.0,19.0,1259.0,132.0,900.0,250.0,556.0,238.0,477.0,667.0,253.0,465.0,24.0,7.0,0.26,187.0,1.0
898,902,Function.java,13.0,1.0,12.0,1.0,3.0,6.0,3.0,13.0,76.0,74.0,73.0,19.0,76.0,1.0,2.0,0.0,73.0,1199.0,129.0,1013.0,198.0,650.0,81.0,474.0,710.0,176.0,575.0,26.0,4.0,0.08,263.0,0.0
903,907,FunctionRegistry.java,19.0,1.0,13.0,5.0,4.0,1.0,55.0,14.0,56.0,56.0,1.0,0.0,56.0,2.0,2.0,0.0,52.0,1611.0,169.0,1142.0,338.0,759.0,303.0,679.0,868.0,312.0,643.0,24.0,5.0,0.27,206.0,1.0
920,924,GenMapRedUtils.java,38.0,3.0,25.0,10.0,5.0,2.0,46.0,1.0,48.0,48.0,2.0,0.0,48.0,5.0,4.0,0.0,39.0,1987.0,209.0,1294.0,439.0,857.0,488.0,668.0,938.0,388.0,722.0,42.0,6.0,0.38,239.0,1.0
925,929,GenSparkWork.java,111.0,10.0,63.0,38.0,11.0,1.0,0.0,1.0,2.0,2.0,2.0,1.0,2.0,0.0,0.0,0.0,2.0,290.0,28.0,161.0,57.0,100.0,101.0,94.0,122.0,58.0,76.0,21.0,7.0,0.63,22.0,1.0
929,933,GenTezWork.java,87.0,8.0,56.0,23.0,10.0,1.0,0.0,1.0,5.0,5.0,5.0,1.0,5.0,0.0,3.0,0.0,2.0,506.0,51.0,317.0,94.0,217.0,138.0,191.0,250.0,96.0,184.0,45.0,7.0,0.44,51.0,1.0
931,935,GenVectorCode.java,20.0,1.0,18.0,1.0,3.0,1.0,10.0,2.0,97.0,97.0,87.0,9.0,97.0,6.0,86.0,0.0,5.0,3225.0,381.0,2557.0,1497.0,2259.0,287.0,1138.0,1400.0,632.0,1003.0,74.0,2.0,0.11,277.0,1.0
937,941,GenericUDAFAverage.java,12.0,1.0,11.0,1.0,2.0,8.0,1.0,1.0,32.0,39.0,38.0,12.0,39.0,0.0,1.0,23.0,15.0,460.0,56.0,364.0,157.0,185.0,40.0,167.0,223.0,120.0,120.0,16.0,3.0,0.11,72.0,1.0
941,945,GenericUDAFComputeStats.java,15.0,2.0,13.0,1.0,2.0,17.0,0.0,3.0,66.0,70.0,70.0,80.0,70.0,0.0,2.0,23.0,45.0,1391.0,232.0,1020.0,370.0,601.0,156.0,588.0,729.0,285.0,502.0,17.0,4.0,0.15,147.0,1.0
946,950,GenericUDAFCovarianceSample.java,36.0,2.0,34.0,1.0,15.0,2.0,0.0,0.0,2.0,2.0,2.0,0.0,2.0,0.0,0.0,0.0,2.0,123.0,10.0,87.0,24.0,53.0,28.0,19.0,30.0,13.0,17.0,26.0,2.0,0.32,29.0,0.0
1180,1184,HBaseReadWrite.java,17.0,0.0,12.0,5.0,3.0,6.0,4.0,37.0,128.0,128.0,124.0,26.0,128.0,92.0,29.0,1.0,6.0,2571.0,201.0,1714.0,691.0,1140.0,658.0,1007.0,1359.0,654.0,1044.0,16.0,4.0,0.38,330.0,1.0
1189,1193,HBaseStore.java,16.0,0.0,15.0,1.0,3.0,2.0,3.0,1.0,140.0,140.0,137.0,10.0,140.0,3.0,18.0,0.0,119.0,2511.0,198.0,2175.0,690.0,1369.0,141.0,1016.0,1446.0,501.0,1078.0,11.0,6.0,0.06,382.0,1.0
1197,1201,HBaseUtils.java,19.0,0.0,15.0,3.0,3.0,4.0,65.0,4.0,67.0,67.0,2.0,5.0,67.0,46.0,19.0,0.0,2.0,1423.0,89.0,1099.0,350.0,725.0,235.0,597.0,845.0,317.0,660.0,24.0,3.0,0.21,234.0,0.0
1209,1213,HCatConstants.java,2.0,0.0,2.0,1.0,1.0,1.0,0.0,73.0,1.0,1.0,1.0,0.0,1.0,0.0,1.0,0.0,0.0,211.0,35.0,89.0,86.0,75.0,88.0,77.0,79.0,79.0,2.0,1.0,0.0,0.99,1.0,1.0
1240,1244,HCatSemanticAnalyzer.java,86.0,11.0,63.0,13.0,36.0,1.0,0.0,0.0,4.0,4.0,4.0,2.0,4.0,0.0,1.0,1.0,2.0,406.0,52.0,288.0,70.0,214.0,68.0,95.0,128.0,63.0,86.0,68.0,4.0,0.24,143.0,0.0
1258,1262,HWISessionItem.java,13.0,0.0,9.0,4.0,2.0,2.0,0.0,1.0,35.0,33.0,35.0,19.0,35.0,0.0,2.0,2.0,31.0,610.0,62.0,370.0,94.0,217.0,182.0,181.0,262.0,91.0,183.0,18.0,9.0,0.49,75.0,0.0
1260,1264,Hadoop23Shims.java,9.0,0.0,8.0,1.0,2.0,18.0,3.0,3.0,128.0,128.0,125.0,26.0,128.0,0.0,10.0,2.0,116.0,1504.0,186.0,1188.0,467.0,580.0,137.0,503.0,739.0,350.0,453.0,8.0,4.0,0.12,230.0,1.0
1265,1269,HadoopShims.java,3.0,0.0,2.0,1.0,1.0,18.0,1.0,0.0,14.0,111.0,116.0,10.0,117.0,27.0,0.0,0.0,90.0,749.0,102.0,239.0,208.0,7.0,411.0,155.0,179.0,172.0,7.0,2.0,1.0,1.72,9.0,1.0
1283,1287,HbaseMetastoreProto.java,9.0,0.0,8.0,1.0,2.0,166.0,642.0,344.0,3207.0,3579.0,2945.0,505.0,3587.0,380.0,374.0,156.0,2677.0,34901.0,1793.0,26948.0,8280.0,14622.0,6160.0,11184.0,16711.0,5471.0,11694.0,29.0,4.0,0.23,5600.0,0.0
1294,1298,Hive.java,20.0,1.0,14.0,6.0,3.0,4.0,22.0,7.0,154.0,154.0,132.0,4.0,154.0,0.0,22.0,4.0,128.0,3436.0,276.0,2285.0,638.0,1412.0,884.0,963.0,1472.0,535.0,1123.0,28.0,7.0,0.39,500.0,1.0
1310,1314,HiveAlterHandler.java,52.0,3.0,44.0,5.0,9.0,1.0,0.0,1.0,12.0,12.0,12.0,1.0,12.0,1.0,5.0,0.0,6.0,695.0,47.0,568.0,145.0,401.0,83.0,259.0,372.0,134.0,292.0,32.0,7.0,0.15,107.0,1.0
1328,1332,HiveBaseResultSet.java,4.0,0.0,4.0,0.0,1.0,1.0,0.0,0.0,192.0,192.0,192.0,9.0,192.0,0.0,2.0,2.0,188.0,1058.0,201.0,830.0,270.0,359.0,27.0,315.0,560.0,256.0,321.0,12.0,2.0,0.03,251.0,0.0
1333,1337,HiveCallableStatement.java,4.0,0.0,3.0,1.0,1.0,1.0,0.0,0.0,213.0,213.0,213.0,1.0,213.0,0.0,0.0,0.0,213.0,2462.0,425.0,719.0,292.0,213.0,1318.0,237.0,451.0,238.0,213.0,1.0,0.0,1.83,213.0,0.0
1346,1350,HiveConf.java,7.0,0.0,6.0,1.0,2.0,9.0,53.0,21.0,125.0,122.0,73.0,741.0,126.0,17.0,16.0,0.0,93.0,3770.0,333.0,3198.0,2497.0,668.0,252.0,427.0,664.0,266.0,445.0,17.0,4.0,0.08,237.0,1.0
1349,1353,HiveConnection.java,11.0,0.0,9.0,2.0,2.0,3.0,1.0,1.0,83.0,83.0,82.0,18.0,83.0,2.0,17.0,0.0,64.0,1419.0,153.0,842.0,323.0,434.0,427.0,370.0,530.0,250.0,331.0,11.0,4.0,0.51,155.0,1.0
1354,1358,HiveDatabaseMetaData.java,5.0,0.0,5.0,0.0,1.0,4.0,2.0,3.0,186.0,186.0,184.0,4.0,186.0,0.0,2.0,0.0,184.0,1152.0,213.0,873.0,274.0,406.0,67.0,311.0,528.0,250.0,292.0,8.0,4.0,0.08,214.0,0.0
1381,1385,HiveGBOpConvUtil.java,38.0,4.0,28.0,6.0,5.0,4.0,28.0,0.0,30.0,28.0,2.0,29.0,30.0,1.0,27.0,0.0,2.0,1292.0,152.0,927.0,346.0,681.0,213.0,551.0,674.0,309.0,497.0,20.0,5.0,0.23,143.0,1.0
1438,1442,HiveMetaStore.java,20.0,1.0,17.0,2.0,3.0,20.0,28.0,23.0,290.0,290.0,262.0,19.0,290.0,2.0,96.0,7.0,185.0,6253.0,613.0,5173.0,1498.0,3394.0,485.0,2316.0,3315.0,1076.0,2552.0,26.0,6.0,0.09,968.0,1.0
1440,1444,HiveMetaStoreClient.java,10.0,0.0,8.0,2.0,2.0,4.0,2.0,2.0,181.0,182.0,180.0,17.0,182.0,1.0,17.0,7.0,157.0,2261.0,211.0,1647.0,775.0,705.0,407.0,654.0,963.0,461.0,584.0,19.0,6.0,0.25,324.0,1.0
1454,1458,HiveOpConverter.java,28.0,3.0,24.0,2.0,5.0,3.0,17.0,1.0,38.0,36.0,21.0,12.0,38.0,11.0,23.0,0.0,4.0,1248.0,145.0,1000.0,389.0,672.0,108.0,603.0,788.0,372.0,589.0,16.0,5.0,0.11,176.0,1.0
1456,1460,HiveOperation.java,4.0,0.0,4.0,0.0,1.0,2.0,0.0,0.0,21.0,19.0,21.0,109.0,21.0,0.0,2.0,0.0,19.0,247.0,26.0,200.0,147.0,33.0,21.0,49.0,69.0,36.0,33.0,2.0,1.0,0.1,20.0,0.0
1457,1461,HiveOperationType.java,0.0,0.0,0.0,0.0,0.0,1.0,0.0,0.0,2.0,0.0,2.0,111.0,2.0,0.0,0.0,0.0,2.0,151.0,6.0,118.0,117.0,0.0,34.0,3.0,4.0,4.0,0.0,0.0,0.0,0.29,0.0,0.0
1534,1538,HiveStatsUtils.java,39.0,2.0,19.0,18.0,4.0,1.0,1.0,0.0,1.0,1.0,0.0,0.0,1.0,0.0,0.0,0.0,1.0,76.0,8.0,28.0,14.0,13.0,40.0,18.0,23.0,14.0,13.0,4.0,2.0,1.43,4.0,0.0
1585,1589,IMetaStoreClient.java,3.0,0.0,3.0,0.0,1.0,3.0,0.0,0.0,1.0,132.0,132.0,0.0,132.0,128.0,0.0,0.0,4.0,1512.0,143.0,344.0,339.0,1.0,1025.0,197.0,201.0,200.0,1.0,1.0,0.0,2.98,1.0,1.0
1633,1637,Index.java,14.0,1.0,13.0,1.0,4.0,6.0,3.0,17.0,85.0,83.0,82.0,23.0,85.0,1.0,2.0,0.0,82.0,1374.0,146.0,1193.0,225.0,786.0,65.0,573.0,843.0,198.0,688.0,32.0,4.0,0.05,307.0,0.0
1896,1903,LazySimpleDeserializeRead.java,12.0,1.0,11.0,1.0,2.0,10.0,1.0,4.0,52.0,52.0,51.0,38.0,52.0,0.0,1.0,0.0,51.0,959.0,115.0,643.0,212.0,344.0,201.0,311.0,422.0,173.0,262.0,57.0,4.0,0.31,119.0,0.0
1928,1935,LinearExtrapolatePartStatus.java,80.0,0.0,75.0,5.0,14.0,1.0,0.0,0.0,1.0,1.0,1.0,0.0,1.0,0.0,0.0,0.0,1.0,106.0,4.0,80.0,30.0,62.0,22.0,33.0,48.0,20.0,33.0,14.0,3.0,0.28,14.0,0.0
1930,1937,ListBucketingPruner.java,43.0,2.0,15.0,26.0,3.0,2.0,10.0,1.0,11.0,11.0,1.0,0.0,11.0,0.0,5.0,0.0,6.0,636.0,38.0,191.0,73.0,112.0,412.0,93.0,137.0,67.0,92.0,6.0,4.0,2.16,35.0,0.0
1954,1961,LlapDaemonProtocolProtos.java,9.0,0.0,8.0,1.0,2.0,88.0,292.0,145.0,1355.0,1501.0,1213.0,219.0,1505.0,135.0,159.0,70.0,1141.0,14553.0,854.0,11524.0,3606.0,6285.0,2175.0,4657.0,6967.0,2327.0,4823.0,28.0,4.0,0.19,2339.0,0.0
1981,1988,LlapTaskSchedulerService.java,14.0,0.0,12.0,1.0,2.0,14.0,0.0,7.0,82.0,80.0,82.0,90.0,82.0,19.0,18.0,1.0,44.0,1512.0,160.0,1200.0,374.0,736.0,158.0,581.0,814.0,330.0,559.0,18.0,7.0,0.13,194.0,0.0
1990,1997,LlapWrappableInputFormatInterface.java,0.0,0.0,0.0,0.0,0.0,1.0,0.0,0.0,0.0,0.0,0.0,0.0,0.0,0.0,0.0,0.0,0.0,22.0,2.0,2.0,2.0,0.0,18.0,1.0,2.0,2.0,0.0,0.0,0.0,9.0,0.0,0.0
2109,2116,MapJoinOperator.java,21.0,2.0,17.0,3.0,4.0,2.0,1.0,3.0,29.0,29.0,28.0,14.0,29.0,0.0,3.0,14.0,12.0,753.0,81.0,548.0,178.0,326.0,131.0,305.0,421.0,175.0,288.0,22.0,7.0,0.24,112.0,1.0
2141,2148,MegaStruct.java,17.0,1.0,16.0,0.0,4.0,6.0,3.0,31.0,164.0,162.0,161.0,43.0,164.0,1.0,2.0,0.0,161.0,3128.0,285.0,2798.0,451.0,1802.0,105.0,1322.0,1977.0,486.0,1633.0,62.0,5.0,0.04,725.0,0.0
2165,2172,MetaStoreDirectSql.java,26.0,1.0,22.0,3.0,4.0,15.0,8.0,4.0,60.0,57.0,53.0,27.0,61.0,3.0,27.0,4.0,27.0,1670.0,115.0,1343.0,375.0,996.0,228.0,717.0,964.0,358.0,752.0,38.0,6.0,0.17,259.0,1.0
2178,2185,MetaStoreUtils.java,19.0,1.0,14.0,4.0,3.0,4.0,77.0,14.0,80.0,80.0,3.0,0.0,80.0,5.0,6.0,0.0,69.0,1759.0,157.0,1237.0,356.0,786.0,371.0,563.0,837.0,325.0,615.0,19.0,4.0,0.3,259.0,1.0
2190,2197,Metastore.java,8.0,0.0,7.0,1.0,2.0,10.0,34.0,15.0,139.0,150.0,116.0,18.0,150.0,11.0,19.0,8.0,112.0,1331.0,86.0,1054.0,345.0,534.0,191.0,415.0,638.0,220.0,432.0,9.0,4.0,0.18,223.0,0.0
2199,2206,MetricsScope.java,0.0,0.0,0.0,0.0,0.0,1.0,0.0,0.0,0.0,0.0,0.0,0.0,0.0,0.0,0.0,0.0,0.0,33.0,1.0,3.0,2.0,0.0,29.0,1.0,2.0,2.0,0.0,0.0,0.0,9.67,0.0,0.0
2219,2226,MoveTask.java,54.0,4.0,41.0,10.0,9.0,1.0,0.0,2.0,10.0,10.0,10.0,0.0,10.0,0.0,5.0,0.0,5.0,638.0,50.0,467.0,141.0,308.0,125.0,226.0,318.0,138.0,228.0,43.0,7.0,0.27,90.0,1.0
2241,2248,MyTestClassSmaller.java,27.0,2.0,25.0,0.0,17.0,1.0,0.0,1.0,1.0,1.0,1.0,17.0,1.0,0.0,0.0,0.0,1.0,86.0,10.0,59.0,36.0,24.0,17.0,52.0,54.0,36.0,19.0,17.0,0.0,0.29,17.0,0.0
2303,2310,ObjectInspectorUtils.java,29.0,1.0,25.0,3.0,6.0,2.0,37.0,1.0,40.0,38.0,3.0,3.0,40.0,0.0,4.0,0.0,36.0,1321.0,77.0,1073.0,315.0,758.0,171.0,529.0,694.0,308.0,504.0,49.0,3.0,0.16,254.0,1.0
2306,2313,ObjectStore.java,23.0,1.0,21.0,1.0,3.0,19.0,5.0,9.0,323.0,324.0,321.0,34.0,326.0,4.0,115.0,30.0,177.0,7795.0,559.0,6766.0,1924.0,4664.0,478.0,3248.0,4562.0,1567.0,3593.0,55.0,11.0,0.07,1111.0,1.0
2313,2320,OpTraitsRulesProcFactory.java,16.0,1.0,14.0,1.0,3.0,8.0,7.0,0.0,17.0,17.0,10.0,0.0,17.0,0.0,1.0,0.0,16.0,390.0,45.0,280.0,123.0,144.0,66.0,126.0,201.0,112.0,120.0,8.0,7.0,0.24,54.0,0.0
2356,2363,OrcInputFormat.java,16.0,1.0,14.0,2.0,3.0,24.0,34.0,11.0,116.0,116.0,86.0,102.0,120.0,21.0,23.0,0.0,76.0,2266.0,198.0,1789.0,681.0,1020.0,288.0,882.0,1212.0,572.0,783.0,22.0,5.0,0.16,321.0,1.0
2362,2369,OrcProto.java,8.0,0.0,7.0,1.0,2.0,102.0,386.0,230.0,1839.0,2029.0,1651.0,319.0,2037.0,198.0,224.0,92.0,1523.0,19295.0,1024.0,14548.0,4609.0,7704.0,3723.0,6021.0,8990.0,3028.0,6183.0,32.0,4.0,0.26,3039.0,1.0
2392,2400,PTFTranslator.java,23.0,2.0,20.0,1.0,4.0,2.0,16.0,1.0,42.0,42.0,26.0,11.0,42.0,2.0,24.0,6.0,10.0,1141.0,124.0,930.0,361.0,589.0,87.0,509.0,656.0,308.0,479.0,12.0,3.0,0.09,148.0,0.0
2458,2468,PerfLogger.java,10.0,0.0,9.0,2.0,2.0,1.0,1.0,46.0,12.0,12.0,11.0,2.0,12.0,0.0,3.0,0.0,9.0,225.0,23.0,162.0,82.0,111.0,40.0,101.0,129.0,82.0,59.0,6.0,3.0,0.25,28.0,1.0
2514,2524,PrimitiveObjectInspectorUtils.java,21.0,1.0,18.0,2.0,5.0,3.0,39.0,24.0,48.0,46.0,9.0,13.0,48.0,4.0,1.0,1.0,42.0,1267.0,89.0,1020.0,211.0,775.0,164.0,496.0,594.0,171.0,475.0,20.0,2.0,0.16,256.0,0.0
2559,2569,QTestUtil.java,17.0,2.0,14.0,2.0,3.0,8.0,19.0,21.0,97.0,96.0,79.0,46.0,98.0,0.0,31.0,2.0,65.0,1997.0,275.0,1547.0,458.0,1024.0,187.0,831.0,1137.0,449.0,835.0,16.0,5.0,0.12,294.0,1.0
2560,2570,Query.java,13.0,0.0,13.0,1.0,3.0,6.0,3.0,14.0,80.0,78.0,77.0,19.0,80.0,1.0,2.0,0.0,77.0,1278.0,133.0,1112.0,217.0,702.0,57.0,532.0,783.0,203.0,624.0,26.0,4.0,0.05,276.0,0.0
2568,2578,QueryPlanTreeTransformation.java,105.0,3.0,80.0,23.0,13.0,1.0,2.0,1.0,2.0,2.0,0.0,0.0,2.0,0.0,1.0,1.0,0.0,265.0,11.0,187.0,83.0,115.0,67.0,103.0,137.0,70.0,96.0,22.0,6.0,0.36,25.0,1.0
2573,2583,RCFile.java,15.0,1.0,12.0,3.0,2.0,8.0,1.0,18.0,88.0,88.0,87.0,84.0,88.0,10.0,12.0,3.0,63.0,2049.0,223.0,1227.0,374.0,771.0,623.0,676.0,910.0,342.0,612.0,15.0,5.0,0.51,219.0,0.0
2610,2620,ReaderWriter.java,87.0,12.0,74.0,1.0,20.0,1.0,2.0,1.0,2.0,2.0,0.0,0.0,2.0,0.0,0.0,0.0,2.0,227.0,31.0,172.0,50.0,138.0,24.0,121.0,130.0,52.0,97.0,20.0,2.0,0.14,40.0,0.0
2617,2627,RecordReaderImpl.java,19.0,0.0,16.0,3.0,5.0,5.0,17.0,6.0,61.0,59.0,44.0,47.0,61.0,13.0,17.0,1.0,30.0,1344.0,95.0,1065.0,302.0,678.0,187.0,528.0,767.0,272.0,558.0,44.0,4.0,0.18,275.0,1.0
2630,2640,ReduceSinkMapJoinProc.java,100.0,8.0,75.0,17.0,14.0,1.0,2.0,1.0,3.0,3.0,1.0,0.0,3.0,0.0,0.0,0.0,3.0,384.0,35.0,272.0,102.0,175.0,77.0,164.0,211.0,96.0,144.0,33.0,4.0,0.28,42.0,1.0
2768,2780,SemanticAnalyzer.java,43.0,4.0,32.0,7.0,6.0,8.0,25.0,6.0,269.0,269.0,244.0,54.0,269.0,38.0,168.0,13.0,50.0,12282.0,1322.0,8978.0,2743.0,6626.0,2022.0,4721.0,6328.0,2460.0,5262.0,62.0,8.0,0.23,1657.0,1.0
2769,2781,SemanticAnalyzerFactory.java,37.0,2.0,35.0,1.0,23.0,1.0,3.0,2.0,4.0,4.0,1.0,0.0,4.0,1.0,2.0,0.0,1.0,306.0,16.0,267.0,22.0,237.0,23.0,129.0,139.0,17.0,128.0,89.0,3.0,0.09,93.0,0.0
2784,2796,SerializationUtils.java,17.0,0.0,15.0,1.0,3.0,2.0,2.0,1.0,71.0,69.0,69.0,34.0,71.0,1.0,44.0,0.0,26.0,1311.0,103.0,1087.0,205.0,818.0,121.0,640.0,817.0,182.0,645.0,18.0,3.0,0.11,228.0,0.0
2788,2800,Server.java,22.0,1.0,16.0,5.0,2.0,1.0,4.0,9.0,49.0,49.0,45.0,4.0,49.0,0.0,7.0,0.0,42.0,1211.0,102.0,830.0,429.0,377.0,280.0,356.0,445.0,158.0,346.0,15.0,3.0,0.34,89.0,0.0
2797,2809,ServiceStateChangeListener.java,0.0,0.0,0.0,0.0,0.0,1.0,0.0,0.0,0.0,1.0,1.0,0.0,1.0,1.0,0.0,0.0,0.0,46.0,4.0,4.0,3.0,0.0,38.0,2.0,3.0,3.0,0.0,0.0,0.0,9.5,0.0,0.0
2803,2815,SessionState.java,9.0,0.0,7.0,1.0,2.0,8.0,29.0,7.0,149.0,145.0,120.0,59.0,149.0,3.0,15.0,2.0,129.0,1771.0,247.0,1216.0,403.0,662.0,309.0,592.0,868.0,389.0,575.0,17.0,5.0,0.25,283.0,1.0
2844,2856,ShowCompactResponseElement.java,14.0,1.0,13.0,1.0,4.0,6.0,3.0,20.0,93.0,91.0,90.0,27.0,93.0,1.0,2.0,0.0,90.0,1542.0,168.0,1325.0,233.0,892.0,85.0,623.0,935.0,206.0,786.0,38.0,3.0,0.06,360.0,0.0
2856,2868,ShowLocksResponseElement.java,14.0,1.0,13.0,1.0,4.0,6.0,3.0,29.0,113.0,111.0,110.0,35.0,113.0,1.0,2.0,0.0,110.0,1929.0,207.0,1657.0,285.0,1145.0,113.0,809.0,1185.0,251.0,1001.0,50.0,3.0,0.07,444.0,0.0
2863,2875,ShuffleHandler.java,16.0,1.0,14.0,2.0,2.0,11.0,8.0,36.0,48.0,48.0,40.0,40.0,48.0,3.0,7.0,9.0,29.0,1077.0,115.0,853.0,360.0,488.0,113.0,458.0,582.0,306.0,346.0,17.0,4.0,0.13,115.0,1.0
2869,2881,SignedInt128.java,13.0,0.0,6.0,7.0,2.0,1.0,13.0,3.0,75.0,75.0,62.0,2.0,75.0,0.0,0.0,0.0,75.0,1074.0,87.0,447.0,110.0,242.0,541.0,187.0,295.0,91.0,211.0,5.0,2.0,1.21,124.0,0.0
2970,2982,Stage.java,13.0,0.0,12.0,1.0,3.0,6.0,3.0,13.0,75.0,73.0,72.0,17.0,75.0,1.0,2.0,0.0,72.0,1181.0,124.0,1013.0,205.0,630.0,65.0,485.0,713.0,193.0,560.0,23.0,4.0,0.06,248.0,1.0
2987,2999,StatsAggregator.java,0.0,0.0,0.0,0.0,0.0,1.0,0.0,0.0,0.0,3.0,3.0,0.0,3.0,0.0,0.0,0.0,3.0,66.0,6.0,6.0,5.0,0.0,54.0,4.0,5.0,5.0,0.0,0.0,0.0,9.0,0.0,0.0
2993,3005,StatsOptimizer.java,30.0,1.0,27.0,2.0,6.0,12.0,0.0,1.0,21.0,17.0,23.0,14.0,23.0,8.0,6.0,0.0,9.0,768.0,43.0,660.0,222.0,446.0,75.0,349.0,480.0,205.0,366.0,90.0,7.0,0.11,129.0,1.0
2997,3009,StatsRulesProcFactory.java,42.0,5.0,31.0,7.0,7.0,9.0,11.0,2.0,37.0,37.0,26.0,0.0,37.0,3.0,18.0,0.0,16.0,1893.0,233.0,1241.0,416.0,843.0,419.0,629.0,927.0,407.0,695.0,40.0,7.0,0.34,266.0,1.0
3000,3012,StatsUtils.java,27.0,2.0,20.0,5.0,5.0,1.0,51.0,1.0,51.0,51.0,0.0,0.0,51.0,0.0,15.0,0.0,36.0,1561.0,142.0,1122.0,333.0,773.0,297.0,573.0,838.0,333.0,619.0,19.0,4.0,0.26,259.0,1.0
3004,3016,Stmt.java,20.0,0.0,17.0,3.0,4.0,1.0,0.0,0.0,53.0,53.0,53.0,5.0,53.0,11.0,0.0,0.0,42.0,1138.0,59.0,916.0,176.0,631.0,167.0,503.0,703.0,190.0,602.0,16.0,7.0,0.18,199.0,0.0
3007,3019,StorageDescriptor.java,14.0,1.0,14.0,1.0,4.0,6.0,3.0,20.0,104.0,102.0,101.0,27.0,104.0,1.0,2.0,0.0,101.0,1748.0,173.0,1538.0,272.0,999.0,73.0,731.0,1084.0,257.0,890.0,38.0,4.0,0.05,398.0,0.0
3038,3050,StringGroupConcatColCol.java,31.0,2.0,26.0,4.0,8.0,1.0,2.0,1.0,13.0,13.0,11.0,3.0,13.0,0.0,2.0,0.0,11.0,455.0,40.0,344.0,54.0,226.0,73.0,167.0,269.0,75.0,194.0,84.0,5.0,0.21,101.0,0.0
3065,3077,SubQueryUtils.java,12.0,1.0,11.0,0.0,2.0,3.0,35.0,1.0,39.0,45.0,10.0,2.0,45.0,37.0,2.0,0.0,6.0,665.0,79.0,472.0,178.0,306.0,115.0,244.0,337.0,152.0,261.0,12.0,3.0,0.24,89.0,1.0
3081,3094,TCLIService.java,7.0,0.0,7.0,0.0,2.0,313.0,116.0,192.0,1800.0,1762.0,1722.0,173.0,1838.0,38.0,78.0,40.0,1682.0,16422.0,2644.0,13050.0,3589.0,6951.0,842.0,5402.0,8750.0,3207.0,6210.0,5.0,3.0,0.06,3016.0,0.0
3167,3180,Table.java,7.0,0.0,6.0,1.0,2.0,2.0,6.0,2.0,106.0,106.0,100.0,7.0,106.0,0.0,4.0,1.0,101.0,973.0,129.0,716.0,218.0,363.0,130.0,312.0,499.0,211.0,320.0,10.0,4.0,0.18,184.0,0.0
3244,3258,TestBinarySortableFast.java,99.0,13.0,81.0,5.0,13.0,1.0,0.0,0.0,2.0,2.0,2.0,0.0,2.0,0.0,1.0,0.0,1.0,244.0,32.0,185.0,81.0,129.0,27.0,144.0,169.0,87.0,115.0,22.0,5.0,0.15,26.0,0.0
3281,3295,TestConvertAstToSearchArg.java,134.0,3.0,130.0,2.0,1.0,1.0,2.0,0.0,21.0,21.0,19.0,0.0,21.0,0.0,3.0,0.0,18.0,2883.0,90.0,2743.0,201.0,2614.0,70.0,362.0,390.0,130.0,323.0,4.0,2.0,0.03,25.0,1.0
3402,3416,TestHBaseSerDe.java,30.0,6.0,22.0,2.0,2.0,2.0,0.0,6.0,52.0,52.0,52.0,5.0,52.0,1.0,33.0,0.0,18.0,1762.0,387.0,1263.0,546.0,1021.0,115.0,846.0,930.0,464.0,773.0,6.0,3.0,0.09,81.0,0.0
3403,3417,TestHBaseStore.java,26.0,1.0,22.0,3.0,1.0,1.0,9.0,39.0,44.0,44.0,35.0,4.0,44.0,0.0,11.0,0.0,33.0,1328.0,94.0,1065.0,516.0,882.0,174.0,896.0,950.0,449.0,778.0,3.0,2.0,0.16,49.0,0.0
3405,3419,TestHBaseStoreIntegration.java,43.0,5.0,37.0,1.0,2.0,1.0,2.0,1.0,39.0,39.0,37.0,1.0,39.0,0.0,4.0,0.0,35.0,1801.0,242.0,1505.0,536.0,1285.0,67.0,1225.0,1341.0,469.0,1111.0,11.0,3.0,0.04,95.0,0.0
3407,3421,TestHCatClient.java,41.0,5.0,32.0,4.0,2.0,5.0,5.0,8.0,32.0,32.0,27.0,2.0,32.0,0.0,2.0,0.0,30.0,1370.0,197.0,1050.0,378.0,843.0,140.0,708.0,795.0,323.0,638.0,8.0,3.0,0.13,76.0,1.0
3450,3464,TestHiveAccumuloTypes.java,355.0,67.0,261.0,29.0,2.0,1.0,0.0,0.0,2.0,2.0,2.0,1.0,2.0,0.0,0.0,0.0,2.0,826.0,140.0,612.0,282.0,514.0,76.0,500.0,507.0,234.0,395.0,2.0,1.0,0.12,4.0,0.0
3466,3480,TestHiveFileFormatUtils.java,100.0,18.0,78.0,22.0,3.0,1.0,0.0,0.0,1.0,1.0,1.0,0.0,1.0,0.0,0.0,0.0,1.0,133.0,25.0,87.0,16.0,74.0,39.0,46.0,50.0,16.0,39.0,3.0,1.0,0.45,3.0,0.0
3476,3490,TestHiveMetaStore.java,53.0,8.0,42.0,4.0,3.0,3.0,6.0,7.0,58.0,58.0,52.0,0.0,58.0,0.0,20.0,1.0,37.0,3245.0,517.0,2497.0,568.0,2162.0,242.0,1885.0,2083.0,551.0,1808.0,15.0,3.0,0.1,178.0,1.0
3509,3523,TestInputOutputFormat.java,17.0,0.0,16.0,1.0,2.0,16.0,12.0,8.0,108.0,108.0,96.0,40.0,108.0,15.0,8.0,0.0,85.0,2200.0,165.0,1935.0,670.0,1335.0,157.0,1149.0,1368.0,556.0,1015.0,12.0,4.0,0.08,192.0,1.0
3514,3528,TestJdbcDriver2.java,25.0,2.0,20.0,3.0,2.0,5.0,3.0,20.0,93.0,93.0,90.0,5.0,93.0,0.0,18.0,0.0,75.0,2599.0,336.0,1943.0,503.0,1513.0,383.0,1286.0,1474.0,413.0,1234.0,9.0,3.0,0.2,177.0,1.0
3537,3551,TestLazyHBaseObject.java,131.0,23.0,103.0,6.0,6.0,1.0,0.0,0.0,6.0,6.0,6.0,0.0,6.0,0.0,0.0,0.0,6.0,851.0,147.0,649.0,142.0,580.0,55.0,422.0,444.0,128.0,392.0,23.0,2.0,0.08,34.0,0.0
3567,3581,TestMapColumnVector.java,95.0,5.0,84.0,6.0,7.0,1.0,0.0,0.0,2.0,2.0,2.0,0.0,2.0,0.0,0.0,0.0,2.0,224.0,17.0,176.0,24.0,151.0,31.0,151.0,165.0,32.0,145.0,11.0,2.0,0.18,13.0,0.0
3607,3621,TestNewIntegerEncoding.java,32.0,3.0,30.0,0.0,3.0,3.0,1.0,0.0,38.0,38.0,37.0,9.0,38.0,0.0,0.0,0.0,38.0,1342.0,147.0,1178.0,442.0,885.0,17.0,567.0,747.0,371.0,552.0,4.0,1.0,0.01,113.0,0.0
3611,3625,TestObjectInspectorConverters.java,117.0,16.0,95.0,7.0,2.0,1.0,0.0,0.0,2.0,2.0,2.0,0.0,2.0,0.0,0.0,0.0,2.0,282.0,38.0,210.0,75.0,180.0,35.0,128.0,132.0,57.0,110.0,2.0,1.0,0.17,3.0,0.0
3621,3635,TestOrcFile.java,44.0,2.0,41.0,1.0,3.0,7.0,6.0,0.0,44.0,44.0,38.0,30.0,44.0,6.0,8.0,0.0,30.0,2157.0,133.0,1952.0,574.0,1569.0,76.0,1210.0,1384.0,482.0,1102.0,11.0,3.0,0.04,136.0,1.0
3624,3638,TestOrcRawRecordMerger.java,33.0,3.0,29.0,1.0,2.0,5.0,9.0,1.0,33.0,33.0,24.0,12.0,33.0,10.0,9.0,0.0,14.0,1204.0,135.0,1001.0,297.0,800.0,68.0,758.0,831.0,271.0,691.0,8.0,2.0,0.07,64.0,1.0
3679,3693,TestRecordReaderImpl.java,21.0,1.0,19.0,1.0,1.0,2.0,11.0,0.0,74.0,74.0,63.0,4.0,74.0,1.0,12.0,0.0,61.0,1693.0,185.0,1461.0,384.0,1156.0,89.0,724.0,829.0,289.0,669.0,3.0,2.0,0.06,103.0,1.0
3702,3716,TestSchemaReEncoder.java,82.0,5.0,75.0,2.0,1.0,1.0,0.0,0.0,1.0,1.0,1.0,0.0,1.0,0.0,0.0,0.0,1.0,113.0,9.0,85.0,26.0,72.0,19.0,30.0,32.0,21.0,18.0,1.0,0.0,0.22,1.0,0.0
3755,3769,TestStreaming.java,26.0,3.0,22.0,2.0,3.0,6.0,14.0,16.0,68.0,68.0,54.0,18.0,68.0,3.0,24.0,0.0,41.0,2033.0,303.0,1602.0,533.0,1228.0,160.0,1096.0,1288.0,500.0,1038.0,10.0,3.0,0.1,175.0,1.0
3791,3805,TestTxnHandler.java,21.0,1.0,20.0,1.0,2.0,3.0,0.0,2.0,56.0,56.0,56.0,2.0,56.0,0.0,3.0,0.0,53.0,1278.0,110.0,1114.0,368.0,864.0,54.0,869.0,966.0,328.0,833.0,7.0,3.0,0.05,89.0,1.0
3809,3823,TestUnionStructObjectInspector.java,85.0,7.0,75.0,3.0,6.0,1.0,0.0,0.0,1.0,1.0,1.0,0.0,1.0,0.0,0.0,0.0,1.0,121.0,13.0,84.0,26.0,68.0,24.0,58.0,65.0,25.0,53.0,6.0,3.0,0.29,6.0,0.0
3824,3838,TestVectorFilterExpressions.java,38.0,6.0,28.0,4.0,1.0,1.0,0.0,3.0,25.0,25.0,25.0,0.0,25.0,0.0,3.0,0.0,22.0,1053.0,175.0,760.0,220.0,644.0,126.0,657.0,683.0,174.0,583.0,1.0,0.0,0.17,25.0,0.0
3827,3841,TestVectorGroupByOperator.java,15.0,1.0,14.0,0.0,1.0,16.0,7.0,1.0,167.0,169.0,162.0,18.0,169.0,6.0,12.0,0.0,151.0,2562.0,328.0,2205.0,689.0,1554.0,31.0,668.0,907.0,465.0,593.0,12.0,3.0,0.01,220.0,1.0
3834,3848,TestVectorOrcFile.java,45.0,1.0,42.0,2.0,4.0,5.0,17.0,0.0,57.0,57.0,40.0,26.0,57.0,5.0,20.0,0.0,32.0,2766.0,149.0,2507.0,648.0,2074.0,112.0,1564.0,1807.0,552.0,1498.0,17.0,3.0,0.04,226.0,1.0
3839,3853,TestVectorStringExpressions.java,82.0,11.0,66.0,6.0,1.0,1.0,11.0,20.0,64.0,64.0,53.0,0.0,64.0,14.0,5.0,0.0,45.0,5422.0,760.0,4312.0,535.0,4027.0,435.0,3907.0,3980.0,470.0,3702.0,4.0,1.0,0.1,72.0,0.0
3843,3857,TestVectorizationContext.java,47.0,7.0,36.0,3.0,2.0,1.0,0.0,0.0,30.0,30.0,30.0,0.0,30.0,0.0,0.0,0.0,30.0,1592.0,253.0,1226.0,503.0,984.0,119.0,1115.0,1146.0,454.0,971.0,4.0,0.0,0.1,48.0,1.0
3850,3864,TestWorker.java,33.0,5.0,26.0,2.0,3.0,1.0,0.0,2.0,27.0,27.0,27.0,0.0,27.0,1.0,1.0,0.0,25.0,965.0,158.0,733.0,240.0,592.0,74.0,577.0,650.0,226.0,569.0,18.0,3.0,0.1,71.0,0.0
3885,3899,ThriftHive.java,7.0,0.0,7.0,0.0,2.0,153.0,56.0,92.0,853.0,835.0,815.0,75.0,871.0,18.0,38.0,20.0,795.0,7784.0,1245.0,6199.0,1712.0,3265.0,391.0,2544.0,4144.0,1532.0,2912.0,8.0,4.0,0.06,1433.0,0.0
3886,3900,ThriftHiveMetastore.java,9.0,0.0,9.0,0.0,2.0,2105.0,788.0,1735.0,14367.0,14105.0,13841.0,2133.0,14629.0,262.0,526.0,264.0,13577.0,157725.0,21662.0,130579.0,29636.0,77321.0,7398.0,57000.0,89109.0,26507.0,68711.0,23.0,4.0,0.06,31859.0,1.0
3917,3931,TreeReaderFactory.java,11.0,0.0,10.0,1.0,2.0,24.0,5.0,2.0,186.0,187.0,182.0,57.0,187.0,110.0,5.0,23.0,49.0,2531.0,279.0,2095.0,666.0,1132.0,160.0,932.0,1364.0,495.0,928.0,23.0,5.0,0.08,433.0,1.0
3923,3937,TxnHandler.java,31.0,1.0,24.0,7.0,5.0,8.0,10.0,29.0,69.0,65.0,59.0,26.0,69.0,11.0,24.0,7.0,27.0,2382.0,140.0,1724.0,378.0,1328.0,533.0,998.0,1290.0,358.0,1045.0,32.0,5.0,0.31,313.0,1.0
4083,4097,UnsignedInt128.java,20.0,1.0,12.0,7.0,3.0,1.0,17.0,6.0,124.0,124.0,107.0,2.0,124.0,0.0,20.0,1.0,103.0,2726.0,266.0,1513.0,287.0,1078.0,958.0,782.0,1069.0,283.0,830.0,26.0,5.0,0.63,343.0,0.0
4106,4120,VectorAssignRow.java,7.0,0.0,7.0,0.0,2.0,24.0,0.0,2.0,62.0,65.0,65.0,10.0,65.0,57.0,1.0,2.0,5.0,647.0,105.0,513.0,196.0,235.0,29.0,221.0,337.0,169.0,180.0,18.0,2.0,0.06,105.0,0.0
4119,4133,VectorDeserializeRow.java,9.0,1.0,8.0,0.0,2.0,27.0,0.0,2.0,57.0,58.0,58.0,22.0,58.0,47.0,3.0,0.0,8.0,751.0,139.0,574.0,197.0,310.0,40.0,280.0,395.0,177.0,236.0,18.0,2.0,0.07,104.0,0.0
4124,4138,VectorExpressionWriterFactory.java,13.0,1.0,11.0,1.0,2.0,29.0,28.0,0.0,145.0,147.0,119.0,28.0,147.0,2.0,19.0,0.0,126.0,1547.0,170.0,1223.0,235.0,827.0,154.0,494.0,762.0,278.0,512.0,23.0,2.0,0.13,277.0,0.0
4125,4139,VectorExtractRow.java,8.0,0.0,7.0,0.0,2.0,24.0,0.0,2.0,64.0,67.0,67.0,24.0,67.0,56.0,1.0,2.0,8.0,775.0,127.0,589.0,232.0,295.0,59.0,296.0,413.0,205.0,217.0,18.0,3.0,0.1,123.0,0.0
4186,4200,VectorMapJoinInnerBigOnlyLongOperator.java,79.0,15.0,45.0,19.0,10.0,1.0,0.0,3.0,4.0,4.0,4.0,5.0,4.0,0.0,0.0,1.0,3.0,398.0,78.0,204.0,49.0,142.0,116.0,110.0,144.0,50.0,96.0,38.0,6.0,0.57,41.0,1.0
4187,4201,VectorMapJoinInnerBigOnlyMultiKeyOperator.java,79.0,15.0,45.0,19.0,10.0,1.0,0.0,3.0,4.0,4.0,4.0,4.0,4.0,0.0,0.0,1.0,3.0,405.0,81.0,206.0,50.0,144.0,118.0,117.0,150.0,52.0,105.0,37.0,6.0,0.57,40.0,1.0
4188,4202,VectorMapJoinInnerBigOnlyStringOperator.java,76.0,15.0,42.0,19.0,9.0,1.0,0.0,3.0,4.0,4.0,4.0,2.0,4.0,0.0,0.0,1.0,3.0,384.0,78.0,191.0,54.0,137.0,115.0,106.0,136.0,55.0,83.0,34.0,6.0,0.6,37.0,1.0
4190,4204,VectorMapJoinInnerLongOperator.java,78.0,15.0,46.0,18.0,10.0,1.0,0.0,3.0,4.0,4.0,4.0,5.0,4.0,0.0,0.0,1.0,3.0,395.0,78.0,207.0,48.0,146.0,110.0,113.0,147.0,49.0,100.0,38.0,6.0,0.53,41.0,1.0
4191,4205,VectorMapJoinInnerMultiKeyOperator.java,79.0,15.0,46.0,18.0,10.0,1.0,0.0,3.0,4.0,4.0,4.0,4.0,4.0,0.0,0.0,1.0,3.0,401.0,80.0,209.0,49.0,148.0,112.0,120.0,153.0,51.0,109.0,37.0,6.0,0.54,40.0,1.0
4192,4206,VectorMapJoinInnerStringOperator.java,75.0,15.0,43.0,18.0,9.0,1.0,0.0,3.0,4.0,4.0,4.0,2.0,4.0,0.0,0.0,1.0,3.0,377.0,76.0,193.0,52.0,140.0,108.0,108.0,138.0,53.0,87.0,34.0,6.0,0.56,37.0,1.0
4194,4208,VectorMapJoinLeftSemiLongOperator.java,76.0,15.0,42.0,19.0,10.0,1.0,0.0,3.0,4.0,4.0,4.0,5.0,4.0,0.0,0.0,1.0,3.0,388.0,78.0,194.0,48.0,132.0,116.0,103.0,137.0,49.0,90.0,38.0,6.0,0.6,41.0,1.0
4195,4209,VectorMapJoinLeftSemiMultiKeyOperator.java,78.0,15.0,43.0,20.0,10.0,1.0,0.0,3.0,4.0,4.0,4.0,4.0,4.0,0.0,0.0,1.0,3.0,398.0,81.0,196.0,49.0,134.0,121.0,110.0,143.0,51.0,99.0,37.0,6.0,0.62,40.0,1.0
4196,4210,VectorMapJoinLeftSemiStringOperator.java,73.0,15.0,39.0,19.0,9.0,1.0,0.0,3.0,4.0,4.0,4.0,2.0,4.0,0.0,0.0,1.0,3.0,371.0,77.0,180.0,52.0,126.0,114.0,98.0,128.0,53.0,77.0,34.0,6.0,0.63,37.0,1.0
4202,4216,VectorMapJoinOptimizedCreateHashTable.java,81.0,6.0,75.0,0.0,17.0,1.0,1.0,1.0,1.0,1.0,0.0,0.0,1.0,0.0,0.0,0.0,1.0,129.0,14.0,88.0,22.0,69.0,27.0,41.0,47.0,21.0,34.0,17.0,2.0,0.31,17.0,0.0
4220,4234,VectorMapJoinOuterLongOperator.java,93.0,17.0,52.0,24.0,12.0,1.0,0.0,3.0,4.0,4.0,4.0,5.0,4.0,0.0,0.0,1.0,3.0,454.0,87.0,232.0,53.0,167.0,135.0,119.0,158.0,54.0,106.0,43.0,7.0,0.58,46.0,1.0
4221,4235,VectorMapJoinOuterMultiKeyOperator.java,96.0,18.0,55.0,24.0,12.0,1.0,0.0,3.0,4.0,4.0,4.0,4.0,4.0,0.0,0.0,1.0,3.0,470.0,90.0,244.0,54.0,176.0,137.0,131.0,171.0,56.0,121.0,44.0,7.0,0.56,47.0,1.0
4222,4236,VectorMapJoinOuterStringOperator.java,91.0,17.0,50.0,23.0,11.0,1.0,0.0,3.0,4.0,4.0,4.0,2.0,4.0,0.0,0.0,1.0,3.0,440.0,86.0,223.0,55.0,165.0,131.0,116.0,152.0,56.0,98.0,40.0,7.0,0.59,43.0,1.0
4292,4306,VectorizationContext.java,22.0,1.0,19.0,2.0,5.0,5.0,19.0,7.0,95.0,93.0,76.0,19.0,95.0,5.0,45.0,3.0,42.0,2518.0,254.0,2016.0,558.0,1429.0,249.0,1077.0,1465.0,531.0,1130.0,23.0,6.0,0.12,490.0,1.0
4308,4322,Vectorizer.java,23.0,3.0,19.0,1.0,4.0,9.0,0.0,1.0,84.0,84.0,84.0,26.0,84.0,7.0,48.0,2.0,27.0,2280.0,323.0,1820.0,562.0,1207.0,139.0,1031.0,1349.0,530.0,1001.0,38.0,6.0,0.08,345.0,1.0
4311,4325,VerifyFast.java,163.0,1.0,162.0,0.0,32.0,1.0,2.0,0.0,2.0,2.0,0.0,0.0,2.0,0.0,0.0,0.0,2.0,372.0,8.0,343.0,87.0,224.0,21.0,176.0,211.0,88.0,153.0,46.0,3.0,0.06,64.0,0.0
4343,4357,WindowingTableFunction.java,15.0,1.0,14.0,1.0,3.0,14.0,1.0,1.0,78.0,80.0,79.0,35.0,80.0,13.0,9.0,10.0,48.0,1588.0,196.0,1174.0,411.0,684.0,234.0,553.0,804.0,352.0,585.0,15.0,5.0,0.2,257.0,0.0
4405,4419,cbo_rp_TestJdbcDriver2.java,25.0,2.0,20.0,3.0,2.0,5.0,3.0,17.0,87.0,87.0,84.0,4.0,87.0,0.0,15.0,0.0,72.0,2425.0,312.0,1793.0,449.0,1391.0,383.0,1200.0,1381.0,365.0,1171.0,9.0,3.0,0.21,171.0,1.0
4408,96478,package-info.java,0.0,0.0,0.0,0.0,0.0,0.0,0.0,0.0,0.0,0.0,0.0,0.0,0.0,0.0,0.0,0.0,0.0,22.0,1.0,1.0,1.0,0.0,20.0,1.0,1.0,1.0,0.0,0.0,0.0,20.0,0.0,0.0
4409,96479,serdeConstants.java,0.0,0.0,0.0,0.0,0.0,1.0,0.0,46.0,0.0,0.0,0.0,0.0,0.0,0.0,0.0,0.0,0.0,161.0,50.0,105.0,77.0,70.0,6.0,96.0,97.0,73.0,27.0,0.0,0.0,0.06,0.0,0.0
4410,96480,thrift_grammar.java,44.0,0.0,43.0,1.0,10.0,1.0,5.0,4.0,68.0,68.0,63.0,15.0,68.0,0.0,6.0,1.0,61.0,3121.0,90.0,2945.0,224.0,1963.0,88.0,1212.0,1716.0,223.0,1550.0,32.0,4.0,0.03,675.0,0.0
4412,96482,thrift_grammarTokenManager.java,42.0,0.0,41.0,0.0,14.0,1.0,0.0,6.0,36.0,36.0,36.0,11.0,36.0,0.0,28.0,1.0,7.0,1604.0,48.0,1544.0,117.0,1240.0,12.0,684.0,944.0,76.0,870.0,145.0,6.0,0.01,502.0,0.0
